XDR_FIELD_NAME,XDR_DR_TYPE,XDR_FIELD_TYPE,XDR_FIELD_INDEX
TRADEMARK,dr_gis,4,1
DR_TYPE,dr_gis,4,2
SERVICE_ID,dr_gis,4,3
COMPLT_ID,dr_gis,4,4
MSG_ID,dr_gis,4,5
REQ_ID,dr_gis,4,6
IP,dr_gis,4,7
VASP_ID,dr_gis,4,8
VASP_CATEGORY,dr_gis,4,9
VAS_ID,dr_gis,4,10
SVC_ID,dr_gis,4,11
SVC_CATEGORY,dr_gis,4,12
REQUESTOR,dr_gis,4,13
REQUESTOR_CATEGORY,dr_gis,4,14
REQUESTOR_AREA,dr_gis,4,15
USER_NUMBER,dr_gis,4,16
MSID_CATEGORY,dr_gis,4,17
MSID_AREA,dr_gis,4,18
LE,dr_gis,4,19
GIS,dr_gis,4,20
LBS,dr_gis,4,21
START_TIME,dr_gis,4,22
END_TIME,dr_gis,4,23
LE_VENDOR_RESID,dr_gis,4,24
LE_STANDARD_RESID,dr_gis,4,25
GIS_VENDOR_RESID,dr_gis,4,26
GIS_STANDARD_RESID,dr_gis,4,27
VENDOR_RESID,dr_gis,4,28
STANDARD_RESID,dr_gis,4,29
RESPONSED_RESID,dr_gis,4,30
X,dr_gis,4,31
Y,dr_gis,4,32
Z,dr_gis,4,33
A_ORDER_ID,dr_gis,4,34
A_CDR_TYPE,dr_gis,4,35
TRADEMARK,dr_lbmp,4,1
DR_TYPE,dr_lbmp,4,2
SERVICE_ID,dr_lbmp,4,3
COMPLT_ID,dr_lbmp,4,4
MSG_ID,dr_lbmp,4,5
REQ_ID,dr_lbmp,4,6
IP,dr_lbmp,4,7
VASP_ID,dr_lbmp,4,8
VASP_CATEGORY,dr_lbmp,4,9
VAS_ID,dr_lbmp,4,10
SVC_ID,dr_lbmp,4,11
SVC_CATEGORY,dr_lbmp,4,12
REQUESTOR,dr_lbmp,4,13
REQUESTOR_CATEGORY,dr_lbmp,4,14
REQUESTOR_AREA,dr_lbmp,4,15
USER_NUMBER,dr_lbmp,4,16
MSID_CATEGORY,dr_lbmp,4,17
MSID_AREA,dr_lbmp,4,18
LE,dr_lbmp,4,19
GIS,dr_lbmp,4,20
LBS,dr_lbmp,4,21
START_TIME,dr_lbmp,4,22
END_TIME,dr_lbmp,4,23
LE_VENDOR_RESID,dr_lbmp,4,24
LE_STANDARD_RESID,dr_lbmp,4,25
GIS_VENDOR_RESID,dr_lbmp,4,26
GIS_STANDARD_RESID,dr_lbmp,4,27
VENDOR_RESID,dr_lbmp,4,28
STANDARD_RESID,dr_lbmp,4,29
RESPONSED_RESID,dr_lbmp,4,30
X,dr_lbmp,4,31
Y,dr_lbmp,4,32
Z,dr_lbmp,4,33
A_ORDER_ID,dr_lbmp,4,34
A_CDR_TYPE,dr_lbmp,4,35
TRADEMARK,dr_wlwz,4,1
DR_TYPE,dr_wlwz,4,2
SERVICE_ID,dr_wlwz,4,3
COMPLT_ID,dr_wlwz,4,4
MSG_ID,dr_wlwz,4,5
REQ_ID,dr_wlwz,4,6
IP,dr_wlwz,4,7
VASP_ID,dr_wlwz,4,8
VASP_CATEGORY,dr_wlwz,4,9
VAS_ID,dr_wlwz,4,10
SVC_ID,dr_wlwz,4,11
SVC_CATEGORY,dr_wlwz,4,12
REQUESTOR,dr_wlwz,4,13
REQUESTOR_CATEGORY,dr_wlwz,4,14
REQUESTOR_AREA,dr_wlwz,4,15
USER_NUMBER,dr_wlwz,4,16
MSID_CATEGORY,dr_wlwz,4,17
MSID_AREA,dr_wlwz,4,18
LE,dr_wlwz,4,19
GIS,dr_wlwz,4,20
LBS,dr_wlwz,4,21
START_TIME,dr_wlwz,4,22
END_TIME,dr_wlwz,4,23
LE_VENDOR_RESID,dr_wlwz,4,24
LE_STANDARD_RESID,dr_wlwz,4,25
GIS_VENDOR_RESID,dr_wlwz,4,26
GIS_STANDARD_RESID,dr_wlwz,4,27
VENDOR_RESID,dr_wlwz,4,28
STANDARD_RESID,dr_wlwz,4,29
RESPONSED_RESID,dr_wlwz,4,30
X,dr_wlwz,4,31
Y,dr_wlwz,4,32
Z,dr_wlwz,4,33
A_ORDER_ID,dr_wlwz,4,34
A_CDR_TYPE,dr_wlwz,4,35
TRADEMARK,dr_wzjy,4,1
DR_TYPE,dr_wzjy,4,2
SERVICE_ID,dr_wzjy,4,3
SERIAL_ID,dr_wzjy,4,4
SUB_SERIAL_ID,dr_wzjy,4,5
REQUEST_SERIAL_ID,dr_wzjy,4,6
REQUEST_IP,dr_wzjy,4,7
REQUEST_SERVICE_FLAG,dr_wzjy,4,8
REQUEST_SERVICE_ID,dr_wzjy,4,9
USER_NUMBER,dr_wzjy,4,10
CITY,dr_wzjy,4,11
RESCUE_PHONE_NUM,dr_wzjy,4,12
REQUEST_TIME,dr_wzjy,4,13
RESPONSE_TIME,dr_wzjy,4,14
FINALLY_RESPONSE_TIME,dr_wzjy,4,15
RETURN_RESPONSE_STATUS,dr_wzjy,4,16
ACC,dr_wzjy,4,17
DIM,dr_wzjy,4,18
RETURN_LOCATION_TYPE,dr_wzjy,4,19
DEVIATION_STATUS,dr_wzjy,4,20
AREA_NUM,dr_wzjy,4,21
INTERFACE_ABILITY_TYPE,dr_wzjy,4,22
ACC_DIM_COUNTS,dr_wzjy,4,23
BOSS_STATUS,dr_wzjy,4,24
MESSAGE_SERIAL_ID,dr_wzjy,4,25
PRODUCT_TYPE,dr_wzjy,4,26
CLUSTER_CODE,dr_wzjy,4,27
PAY_CLUSTER_CODE,dr_wzjy,4,28
PRODUCT_ORDER_ID,dr_wzjy,4,29
CDR_TYPE,dr_wzjy,4,30
PRIMARY_SERIAL_ID,dr_wzjy,4,31
SL_PROVINCE_CODE,dr_wzjy,4,32
WARNING_TYPE,dr_wzjy,4,33
ACC_TYPE,dr_wzjy,4,34
APPEAR_TIME,dr_wzjy,4,35
BOSS_FLAG,dr_wzjy,4,36
START_TIME,dr_wzjy,4,37
TRADEMARK,dr_zfaq,4,1
DR_TYPE,dr_zfaq,4,2
SERVICE_ID,dr_zfaq,4,3
SDK_CODE,dr_zfaq,4,4
SERIAL_ID,dr_zfaq,4,5
SON_ID,dr_zfaq,4,6
REQUEST_ID,dr_zfaq,4,7
REQUEST_IP,dr_zfaq,4,8
VASP_ID,dr_zfaq,4,9
SERVER_ID,dr_zfaq,4,10
USER_NUMBER,dr_zfaq,4,11
SYNTYPE,dr_zfaq,4,12
ASYN_ID,dr_zfaq,4,13
ACTION_ID,dr_zfaq,4,14
SMS_TYPE,dr_zfaq,4,15
REQUEST_TIME,dr_zfaq,4,16
RES_REQUESTTIME,dr_zfaq,4,17
RES_RESPONSETIME,dr_zfaq,4,18
RES_RESPONSE_CODE,dr_zfaq,4,19
RESPONSE_TIME,dr_zfaq,4,20
RESPONSE_CONTENT,dr_zfaq,4,21
CDR_TYPE,dr_zfaq,4,22
PROVINCE_CODE,dr_zfaq,4,23
A_EC_ID,dr_zfaq,4,24
A_ORDER_ID,dr_zfaq,4,25
A_PAY_EC_ID,dr_zfaq,4,26
A_PROD_ORDER_MODE,dr_zfaq,4,27
START_TIME,dr_zfaq,4,28
USER_BILL_DAY,dr_ismg,1,78
USER_BILL_DAY,dr_kj,1,79
USER_BILL_DAY,dr_mms,1,92
USER_BILL_DAY,dr_pbx,1,106
USER_BILL_DAY,dr_sms,1,90
USER_BILL_DAY,dr_vc,1,32
USER_BILL_DAY,dr_wap,1,75
USER_BILL_DAY,dr_wlan,1,76
USER_GROUP_INFO,dr_addvalue,4,112
USER_GROUP_INFO,dr_cbs,4,101
USER_GROUP_INFO,dr_ext,4,56
USER_GROUP_INFO,dr_ggprs,4,139
USER_GROUP_INFO,dr_gprs,4,133
USER_GROUP_INFO,dr_gsm,4,108
USER_GROUP_INFO,dr_hu,4,21
USER_GROUP_INFO,dr_ip,4,80
USER_GROUP_INFO,dr_ismg,4,80
USER_GROUP_INFO,dr_kj,4,81
USER_GROUP_INFO,dr_mms,4,94
USER_GROUP_INFO,dr_pbx,4,108
USER_GROUP_INFO,dr_sms,4,92
USER_GROUP_INFO,dr_vc,4,34
USER_GROUP_INFO,dr_wap,4,77
USER_GROUP_INFO,dr_wlan,4,78
USER_ID,dr_addvalue,4,13
USER_ID,dr_cbs,4,12
USER_ID,dr_ext,4,11
USER_ID,dr_ggprs,4,12
USER_ID,dr_gprs,4,12
USER_ID,dr_gsm,4,13
USER_ID,dr_ip,4,12
USER_ID,dr_ismg,4,12
USER_ID,dr_kj,4,12
USER_ID,dr_mms,4,12
USER_ID,dr_pbx,4,13
USER_ID,dr_sms,4,12
USER_ID,dr_wap,4,12
USER_ID,dr_wlan,4,12
USER_MAC,dr_wlan,4,83
USER_NUMBER,dr_addvalue,4,15
USER_NUMBER,dr_cbs,4,14
USER_NUMBER,dr_domestic,4,1
USER_NUMBER,dr_ext,4,13
USER_NUMBER,dr_ggprs,4,15
USER_NUMBER,dr_gprs,4,15
USER_NUMBER,dr_gsm,4,15
USER_NUMBER,dr_hu,4,2
USER_NUMBER,dr_in_gprs,4,3
USER_NUMBER,dr_in_gprs_old,4,3
USER_NUMBER,dr_ip,4,39
USER_NUMBER,dr_ismg,4,15
USER_NUMBER,dr_kj,4,38
USER_NUMBER,dr_mms,4,14
USER_NUMBER,dr_pbx,4,15
USER_NUMBER,dr_scp,4,4
USER_NUMBER,dr_scp_old,4,4
USER_NUMBER,dr_sms,4,38
USER_NUMBER,dr_vc,4,4
USER_NUMBER,dr_wap,4,21
USER_NUMBER,dr_wlan,4,21
USER_PROPERTY,dr_addvalue,4,103
USER_PROPERTY,dr_cbs,4,78
USER_PROPERTY,dr_ext,4,50
USER_PROPERTY,dr_ggprs,4,126
USER_PROPERTY,dr_gprs,4,123
USER_PROPERTY,dr_gsm,4,97
USER_PROPERTY,dr_ip,4,72
USER_PROPERTY,dr_ismg,4,71
USER_PROPERTY,dr_kj,4,73
USER_PROPERTY,dr_mms,4,85
USER_PROPERTY,dr_pbx,4,97
USER_PROPERTY,dr_sms,4,84
USER_PROPERTY,dr_wap,4,69
USER_PROPERTY,dr_wlan,4,69
USER_PROP_INFO,dr_addvalue,4,109
USER_PROP_INFO,dr_cbs,4,98
USER_PROP_INFO,dr_ext,4,53
USER_PROP_INFO,dr_ggprs,4,136
USER_PROP_INFO,dr_gprs,4,130
USER_PROP_INFO,dr_gsm,4,105
USER_PROP_INFO,dr_hu,4,18
USER_PROP_INFO,dr_ip,4,77
USER_PROP_INFO,dr_ismg,4,77
USER_PROP_INFO,dr_kj,4,78
USER_PROP_INFO,dr_mms,4,91
USER_PROP_INFO,dr_pbx,4,105
USER_PROP_INFO,dr_sms,4,89
USER_PROP_INFO,dr_vc,4,31
USER_PROP_INFO,dr_wap,4,74
USER_PROP_INFO,dr_wlan,4,75
USER_STATUS,dr_wlan,4,79
USER_TYPE,dr_addvalue,4,94
USER_TYPE,dr_cbs,4,82
USER_TYPE,dr_ext,4,34
USER_TYPE,dr_ggprs,4,70
USER_TYPE,dr_gprs,4,115
USER_TYPE,dr_gsm,4,85
USER_TYPE,dr_ismg,4,63
USER_TYPE,dr_mms,4,71
USER_TYPE,dr_pbx,4,85
USER_TYPE,dr_sms,4,48
USER_TYPE,dr_vc,4,7
USER_TYPE,dr_wap,4,47
VALID_RATE_CONDITION,dr_wlan,4,84
VALID_RATE_PROD_ID,dr_addvalue,4,5
VALID_RATE_PROD_ID,dr_cbs,4,5
VALID_RATE_PROD_ID,dr_ggprs,4,5
VALID_RATE_PROD_ID,dr_gprs,4,5
VALID_RATE_PROD_ID,dr_gsm,4,5
VALID_RATE_PROD_ID,dr_ip,4,5
VALID_RATE_PROD_ID,dr_ismg,4,5
VALID_RATE_PROD_ID,dr_kj,4,5
VALID_RATE_PROD_ID,dr_mms,4,5
VALID_RATE_PROD_ID,dr_pbx,4,5
VALID_RATE_PROD_ID,dr_sms,4,5
VALID_RATE_PROD_ID,dr_wap,4,5
VALID_RATE_PROD_ID,dr_wlan,4,5
VALID_TIMES,dr_kj,4,48
VC_LOCATION,dr_vc,4,21
VC_NUMBER,dr_vc,4,6
VC_TYPE,dr_vc,4,12
VIDEO_CODE_TYPE,dr_cbs,4,91
VIDEO_TYPE,dr_addvalue,4,101
VIDEO_TYPE,dr_gsm,4,95
VIDEO_TYPE,dr_pbx,4,95
VIDEO_TYPE,dr_scp,4,27
VIDEO_TYPE,dr_scp_old,4,27
VOLUME,dr_cbs,4,21
VPLMN1,dr_addvalue,4,32
VPLMN1,dr_cbs,4,34
VPLMN1,dr_ext,4,17
VPLMN1,dr_ggprs,4,20
VPLMN1,dr_gprs,4,19
VPLMN1,dr_gsm,4,31
VPLMN1,dr_ip,4,18
VPLMN1,dr_ismg,4,19
VPLMN1,dr_kj,4,18
VPLMN1,dr_mms,4,19
VPLMN1,dr_pbx,4,31
VPLMN1,dr_sms,4,18
VPLMN1,dr_vc,4,15
VPLMN1,dr_wap,4,18
VPLMN1,dr_wlan,4,18
VPLMN2,dr_addvalue,4,33
VPLMN2,dr_cbs,4,35
VPLMN2,dr_ext,4,18
VPLMN2,dr_ggprs,4,21
VPLMN2,dr_gprs,4,20
VPLMN2,dr_gsm,4,32
VPLMN2,dr_ip,4,19
VPLMN2,dr_ismg,4,20
VPLMN2,dr_kj,4,19
VPLMN2,dr_mms,4,20
VPLMN2,dr_pbx,4,32
VPLMN2,dr_sms,4,19
VPLMN2,dr_vc,4,16
VPLMN2,dr_wap,4,19
VPLMN2,dr_wlan,4,19
VPLMN3,dr_addvalue,4,34
VPLMN3,dr_cbs,4,36
VPLMN3,dr_gsm,4,86
VPLMN3,dr_pbx,4,86
VQT,dr_in_gprs,2,59
VQT,dr_in_gprs_old,2,59
VT,dr_in_gprs,2,58
VT,dr_in_gprs_old,2,58
XDRCLONED_CDR_NO,dr_ggprs,4,133
XDR_SOCK_DR_TYPE,dr_in_gprs,4,1
XDR_SOCK_DR_TYPE,dr_in_gprs_old,4,1
XDR_SOCK_DR_TYPE,dr_scp,4,1
XDR_SOCK_DR_TYPE,dr_scp_old,4,1
ori_basic_charge,dr_gsm,4,51
ori_basic_charge,dr_pbx,4,51
ori_toll_charge,dr_gsm,4,52
ori_toll_charge,dr_pbx,4,52
sp_rela_TYPE,dr_gsm,4,27
sp_rela_TYPE,dr_pbx,4,27
ORIGINAL_FILE,dr_stat_log,4,1
DATE_TIME,dr_stat_log,4,2
PROC_INFO,dr_stat_log,4,3
Earlist,dr_stat_log,4,4
EndTime,dr_stat_log,4,5
ErrorStat,dr_stat_log,4,6
FileStat,dr_stat_log,4,7
FilterStat,dr_stat_log,4,8
Latest,dr_stat_log,4,9
NewTbcgCount,dr_stat_log,1,10
NoWriteCount,dr_stat_log,1,11
ReadFileName,dr_stat_log,4,12
ReadFileSize,dr_stat_log,1,13
ReadXdrCount,dr_stat_log,1,14
Speed,dr_stat_log,1,15
StartTime,dr_stat_log,4,16
SumFee,dr_stat_log,1,17
WriteFailXdrCount,dr_stat_log,1,18
WriteOkXdrCount,dr_stat_log,1,19
srcfilename,dr_stat_xfer_log,4,1
srcpath,dr_stat_xfer_log,4,2
srcfilesize,dr_stat_xfer_log,1,3
srchost,dr_stat_xfer_log,4,4
destfilename,dr_stat_xfer_log,4,5
destfilepath,dr_stat_xfer_log,4,6
destfilesize,dr_stat_xfer_log,1,7
midfilesize,dr_stat_xfer_log,1,8
desthost,dr_stat_xfer_log,4,9
datetime,dr_stat_xfer_log,4,10
ACCT_CYCLE_BEGIN,dr_ext,5,61
ACCT_CYCLE_END,dr_ext,5,62
ACC_DURATION,dr_hu,4,10
ACC_FEE,dr_hu,4,13
ACC_ID,dr_addvalue,4,12
ACC_ID,dr_cbs,4,11
ACC_ID,dr_ext,4,10
ACC_ID,dr_ggprs,4,11
ACC_ID,dr_gprs,4,11
ACC_ID,dr_gsm,4,12
ACC_ID,dr_ip,4,11
ACC_ID,dr_ismg,4,11
ACC_ID,dr_kj,4,11
ACC_ID,dr_mms,4,11
ACC_ID,dr_pbx,4,12
ACC_ID,dr_sms,4,11
ACC_ID,dr_wap,4,11
ACC_ID,dr_wlan,4,11
ACC_NUMBER,dr_hu,4,11
ACC_PROD_ID,dr_ext,1,57
ACC_VOLUME,dr_hu,4,12
AC_ADDRESS,dr_wlan,4,46
ADDRESS_HIDE,dr_mms,4,63
ADDUP_DIS_INFO,dr_ggprs,4,132
ADDUP_DIS_INFO,dr_in_gprs,2,49
ADDUP_DIS_INFO,dr_in_gprs_old,2,49
ADDUP_FLAG,dr_addvalue,4,116
ADDUP_INFO,dr_ggprs,4,131
ADDUP_INFO,dr_in_gprs,2,48
ADDUP_INFO,dr_in_gprs_old,2,48
ADDUP_MIDDLE_INFO,dr_in_gprs,4,14
ADDUP_MIDDLE_INFO,dr_in_gprs_old,4,14
ADDUP_MIDDLE_INFO,dr_scp,4,29
ADDUP_MIDDLE_INFO,dr_scp_old,4,29
ADDUP_RES,dr_addvalue,4,58
ADDUP_RES,dr_cbs,4,58
ADDUP_RES,dr_ggprs,4,110
ADDUP_RES,dr_gprs,4,60
ADDUP_RES,dr_gsm,4,57
ADDUP_RES,dr_pbx,4,57
ADDUP_RES,dr_scp,4,11
ADDUP_RES,dr_scp_old,4,11
ADDUP_RES_VAL,dr_addvalue,4,49
ADDUP_RES_VAL,dr_cbs,4,51
ADDUP_RES_VAL,dr_ggprs,4,41
ADDUP_RES_VAL,dr_gprs,4,39
ADDUP_RES_VAL,dr_gsm,4,48
ADDUP_RES_VAL,dr_ip,4,36
ADDUP_RES_VAL,dr_ismg,4,38
ADDUP_RES_VAL,dr_kj,4,35
ADDUP_RES_VAL,dr_mms,4,37
ADDUP_RES_VAL,dr_pbx,4,48
ADDUP_RES_VAL,dr_sms,4,36
ADDUP_RES_VAL,dr_wap,4,37
ADDUP_RES_VAL,dr_wlan,4,37
ALL_PROMOTION_PRODS,dr_addvalue,4,108
ALL_PROMOTION_PRODS,dr_cbs,4,97
ALL_PROMOTION_PRODS,dr_ext,4,52
ALL_PROMOTION_PRODS,dr_ggprs,4,135
ALL_PROMOTION_PRODS,dr_gprs,4,128
ALL_PROMOTION_PRODS,dr_gsm,4,104
ALL_PROMOTION_PRODS,dr_ip,4,76
ALL_PROMOTION_PRODS,dr_ismg,4,75
ALL_PROMOTION_PRODS,dr_kj,4,77
ALL_PROMOTION_PRODS,dr_mms,4,89
ALL_PROMOTION_PRODS,dr_pbx,4,104
ALL_PROMOTION_PRODS,dr_sms,4,88
ALL_PROMOTION_PRODS,dr_vc,4,30
ALL_PROMOTION_PRODS,dr_wap,4,73
ALL_PROMOTION_PRODS,dr_wlan,4,73
ANALYSE_FLAG,dr_gsm,4,109
APNNI_CODE,dr_cbs,4,30
APN_NI,dr_ggprs,4,52
APN_NI,dr_gprs,4,50
APN_NI,dr_in_gprs,4,18
APN_NI,dr_in_gprs_old,4,18
APN_OI,dr_ggprs,4,53
APN_OI,dr_gprs,4,51
APP_ID,dr_in_gprs,4,29
APP_ID,dr_in_gprs_old,4,29
APP_TYPE,dr_cbs,4,29
APP_TYPE,dr_in_gprs,1,22
APP_TYPE,dr_in_gprs_old,1,22
APP_TYPE,dr_kj,4,40
APP_TYPE,dr_mms,4,44
AP_MAC,dr_wlan,4,82
AS_ADDRESS,dr_wlan,4,47
AUDIO_CODE_TYPE,dr_cbs,4,92
AUTH_APPLICATION_ID,dr_in_gprs,4,33
AUTH_APPLICATION_ID,dr_in_gprs_old,4,33
AUTH_TYPE,dr_wlan,4,40
A_NUMBER,dr_addvalue,4,20
A_NUMBER,dr_gsm,4,19
A_NUMBER,dr_pbx,4,19
A_NUMBER,dr_scp,4,6
A_NUMBER,dr_scp_old,4,6
BACKUP_DATE,dr_addvalue,4,92
BACKUP_DATE,dr_cbs,5,80
BACKUP_DATE,dr_ext,4,44
BACKUP_DATE,dr_ggprs,4,120
BACKUP_DATE,dr_gprs,4,114
BACKUP_DATE,dr_gsm,4,83
BACKUP_DATE,dr_ip,4,65
BACKUP_DATE,dr_ismg,4,64
BACKUP_DATE,dr_kj,4,66
BACKUP_DATE,dr_mms,4,78
BACKUP_DATE,dr_pbx,4,83
BACKUP_DATE,dr_sms,4,76
BACKUP_DATE,dr_wap,4,62
BACKUP_DATE,dr_wlan,4,62
BEGIN_DATE,dr_ext,5,59
BEGIN_TIME1,dr_ggprs,5,92
BEGIN_TIME1,dr_gprs,5,74
BEGIN_TIME2,dr_ggprs,5,108
BEGIN_TIME2,dr_gprs,5,89
BEGIN_TIME3,dr_gprs,5,104
BILL_FLAG,dr_addvalue,4,73
BILL_FLAG,dr_ggprs,4,71
BILL_FLAG,dr_ismg,4,48
BILL_ID_TYPE,dr_sms,4,42
BILL_INDICATE,dr_addvalue,4,16
BILL_INDICATE,dr_cbs,4,16
BILL_INDICATE,dr_gsm,4,16
BILL_INDICATE,dr_ip,4,43
BILL_INDICATE,dr_pbx,4,16
BILL_INDICATE,dr_sms,4,41
BILL_MONTH,dr_addvalue,4,4
BILL_MONTH,dr_cbs,4,4
BILL_MONTH,dr_ext,4,4
BILL_MONTH,dr_ggprs,4,4
BILL_MONTH,dr_gprs,4,4
BILL_MONTH,dr_gsm,4,4
BILL_MONTH,dr_ip,4,4
BILL_MONTH,dr_ismg,4,4
BILL_MONTH,dr_kj,4,4
BILL_MONTH,dr_mms,4,4
BILL_MONTH,dr_pbx,4,4
BILL_MONTH,dr_sms,4,4
BILL_MONTH,dr_wap,4,4
BILL_MONTH,dr_wlan,4,4
BIND_NUMBER,dr_ggprs,4,130
CALLER_INDICATE,dr_ggprs,4,43
CALLER_INDICATE,dr_gprs,4,41
CALL_REFNUM,dr_addvalue,4,113
CALL_REFNUM,dr_gsm,4,99
CALL_REFNUM,dr_ismg,1,85
CALL_REFNUM,dr_pbx,4,99
CALL_REFNUM,dr_sms,1,93
CALL_TYPE,dr_addvalue,4,24
CALL_TYPE,dr_gsm,4,23
CALL_TYPE,dr_ip,4,38
CALL_TYPE,dr_pbx,4,23
CALL_TYPE,dr_scp,4,10
CALL_TYPE,dr_scp_old,4,10
CALL_TYPE,dr_sms,4,40
CARD_CHARGE,dr_vc,4,19
CARD_HPLMN1,dr_vc,4,17
CARD_HPLMN2,dr_vc,4,18
CARD_ID,dr_vc,4,11
CARRY_TYPE,dr_kj,4,53
CARRY_TYPE,dr_mms,4,49
CAUSE_CLOSE,dr_ggprs,4,56
CAUSE_CLOSE,dr_gprs,4,54
CC_REQUEST_NUMBER,dr_in_gprs,4,30
CC_REQUEST_NUMBER,dr_in_gprs_old,4,30
CC_REQUEST_NUMBER,dr_scp,4,31
CC_REQUEST_TYPE,dr_scp,4,17
CC_REQUEST_TYPE,dr_scp_old,4,17
CC_SELECTION_MODE,dr_ggprs,4,59
CC_SELECTION_MODE,dr_gprs,4,139
CC_SELECTION_MODE,dr_in_gprs,4,56
CC_SELECTION_MODE,dr_in_gprs_old,4,56
CDR_ADDCALC_DETAIL,dr_ggprs,4,129
CDR_DEAL_FLAG,dr_cbs,1,105
CDR_DEAL_FLAG,dr_ismg,1,84
CDR_DEAL_FLAG,dr_kj,1,85
CDR_DEAL_FLAG,dr_mms,1,98
CDR_DEAL_FLAG,dr_wap,1,81
CDR_FLAG,dr_ggprs,4,27
CDR_QUERY_FLAG,dr_addvalue,1,111
CDR_QUERY_FLAG,dr_cbs,1,100
CDR_QUERY_FLAG,dr_ext,1,55
CDR_QUERY_FLAG,dr_ggprs,1,138
CDR_QUERY_FLAG,dr_gprs,1,132
CDR_QUERY_FLAG,dr_gsm,1,107
CDR_QUERY_FLAG,dr_hu,1,20
CDR_QUERY_FLAG,dr_ip,1,79
CDR_QUERY_FLAG,dr_ismg,1,79
CDR_QUERY_FLAG,dr_kj,1,80
CDR_QUERY_FLAG,dr_mms,1,93
CDR_QUERY_FLAG,dr_pbx,1,107
CDR_QUERY_FLAG,dr_sms,1,91
CDR_QUERY_FLAG,dr_vc,1,33
CDR_QUERY_FLAG,dr_wap,1,76
CDR_QUERY_FLAG,dr_wlan,1,77
CDR_STATE,dr_kj,4,52
CDR_STATE,dr_wap,4,50
CELL_ID,dr_addvalue,4,76
CELL_ID,dr_cbs,4,65
CELL_ID,dr_ggprs,4,48
CELL_ID,dr_gprs,4,46
CELL_ID,dr_gsm,4,72
CELL_ID,dr_in_gprs,4,40
CELL_ID,dr_in_gprs_old,4,40
CELL_ID,dr_pbx,4,72
CELL_ID,dr_scp,4,15
CELL_ID,dr_scp_old,4,15
CENTER_ID,dr_cbs,4,63
CFW_GATEWAY,dr_sms,4,65
CHARGE1,dr_addvalue,4,37
CHARGE1,dr_cbs,4,39
CHARGE1,dr_ext,4,23
CHARGE1,dr_ggprs,4,29
CHARGE1,dr_gprs,4,27
CHARGE1,dr_gsm,4,36
CHARGE1,dr_ip,4,24
CHARGE1,dr_ismg,4,26
CHARGE1,dr_kj,4,23
CHARGE1,dr_mms,4,25
CHARGE1,dr_pbx,4,36
CHARGE1,dr_sms,4,24
CHARGE1,dr_wap,4,25
CHARGE1,dr_wlan,4,25
CHARGE1_DISC,dr_addvalue,4,38
CHARGE1_DISC,dr_cbs,4,40
CHARGE1_DISC,dr_ext,4,24
CHARGE1_DISC,dr_ggprs,4,30
CHARGE1_DISC,dr_gprs,4,28
CHARGE1_DISC,dr_gsm,4,37
CHARGE1_DISC,dr_ip,4,25
CHARGE1_DISC,dr_ismg,4,27
CHARGE1_DISC,dr_kj,4,24
CHARGE1_DISC,dr_mms,4,26
CHARGE1_DISC,dr_pbx,4,37
CHARGE1_DISC,dr_sms,4,25
CHARGE1_DISC,dr_wap,4,26
CHARGE1_DISC,dr_wlan,4,26
CHARGE2,dr_addvalue,4,40
CHARGE2,dr_cbs,4,42
CHARGE2,dr_ext,4,26
CHARGE2,dr_ggprs,4,32
CHARGE2,dr_gprs,4,30
CHARGE2,dr_gsm,4,39
CHARGE2,dr_ip,4,27
CHARGE2,dr_ismg,4,29
CHARGE2,dr_kj,4,26
CHARGE2,dr_mms,4,28
CHARGE2,dr_pbx,4,39
CHARGE2,dr_sms,4,27
CHARGE2,dr_wap,4,28
CHARGE2,dr_wlan,4,28
CHARGE2_DISC,dr_addvalue,4,41
CHARGE2_DISC,dr_cbs,4,43
CHARGE2_DISC,dr_ext,4,27
CHARGE2_DISC,dr_ggprs,4,33
CHARGE2_DISC,dr_gprs,4,31
CHARGE2_DISC,dr_gsm,4,40
CHARGE2_DISC,dr_ip,4,28
CHARGE2_DISC,dr_ismg,4,30
CHARGE2_DISC,dr_kj,4,27
CHARGE2_DISC,dr_mms,4,29
CHARGE2_DISC,dr_pbx,4,40
CHARGE2_DISC,dr_sms,4,28
CHARGE2_DISC,dr_wap,4,29
CHARGE2_DISC,dr_wlan,4,29
CHARGE3,dr_addvalue,4,43
CHARGE3,dr_cbs,4,45
CHARGE3,dr_ext,4,29
CHARGE3,dr_ggprs,4,35
CHARGE3,dr_gprs,4,33
CHARGE3,dr_gsm,4,42
CHARGE3,dr_ip,4,30
CHARGE3,dr_ismg,4,32
CHARGE3,dr_kj,4,29
CHARGE3,dr_mms,4,31
CHARGE3,dr_pbx,4,42
CHARGE3,dr_sms,4,30
CHARGE3,dr_wap,4,31
CHARGE3,dr_wlan,4,31
CHARGE3_DISC,dr_addvalue,4,44
CHARGE3_DISC,dr_cbs,4,46
CHARGE3_DISC,dr_ext,4,30
CHARGE3_DISC,dr_ggprs,4,36
CHARGE3_DISC,dr_gprs,4,34
CHARGE3_DISC,dr_gsm,4,43
CHARGE3_DISC,dr_ip,4,31
CHARGE3_DISC,dr_ismg,4,33
CHARGE3_DISC,dr_kj,4,30
CHARGE3_DISC,dr_mms,4,32
CHARGE3_DISC,dr_pbx,4,43
CHARGE3_DISC,dr_sms,4,31
CHARGE3_DISC,dr_wap,4,32
CHARGE3_DISC,dr_wlan,4,32
CHARGE4,dr_addvalue,4,46
CHARGE4,dr_cbs,4,48
CHARGE4,dr_ext,4,32
CHARGE4,dr_ggprs,4,38
CHARGE4,dr_gprs,4,36
CHARGE4,dr_gsm,4,45
CHARGE4,dr_ip,4,33
CHARGE4,dr_ismg,4,35
CHARGE4,dr_kj,4,32
CHARGE4,dr_mms,4,34
CHARGE4,dr_pbx,4,45
CHARGE4,dr_sms,4,33
CHARGE4,dr_wap,4,34
CHARGE4,dr_wlan,4,34
CHARGE4_DISC,dr_addvalue,4,47
CHARGE4_DISC,dr_cbs,4,49
CHARGE4_DISC,dr_ext,4,33
CHARGE4_DISC,dr_ggprs,4,39
CHARGE4_DISC,dr_gprs,4,37
CHARGE4_DISC,dr_gsm,4,46
CHARGE4_DISC,dr_ip,4,34
CHARGE4_DISC,dr_ismg,4,36
CHARGE4_DISC,dr_kj,4,33
CHARGE4_DISC,dr_mms,4,35
CHARGE4_DISC,dr_pbx,4,46
CHARGE4_DISC,dr_sms,4,34
CHARGE4_DISC,dr_wap,4,35
CHARGE4_DISC,dr_wlan,4,35
CHARGE_TYPE,dr_cbs,4,66
CHARGE_TYPE,dr_kj,4,54
CHARGE_TYPE,dr_mms,4,46
CHARGE_TYPE,dr_wap,4,52
CHARGING_CHARACTERISTICS,dr_ggprs,4,58
CHARGING_CHARACTERISTICS,dr_gprs,4,135
CHARGING_CHARACTERISTICS,dr_in_gprs,4,51
CHARGING_CHARACTERISTICS,dr_in_gprs_old,4,51
CHARGING_ID,dr_ggprs,4,50
CHARGING_ID,dr_gprs,4,48
CHARGING_ID,dr_in_gprs,4,41
CHARGING_ID,dr_in_gprs_old,4,41
COLLECTION_ITEM,dr_addvalue,4,95
COLLECTION_ITEM,dr_gprs,4,116
COLLECTION_ITEM,dr_gsm,4,88
COLLECTION_ITEM,dr_ip,4,66
COLLECTION_ITEM,dr_ismg,4,65
COLLECTION_ITEM,dr_kj,4,67
COLLECTION_ITEM,dr_mms,4,79
COLLECTION_ITEM,dr_pbx,4,88
COLLECTION_ITEM,dr_sms,4,77
COLLECTION_ITEM,dr_wap,4,63
COLLECTION_ITEM,dr_wlan,4,63
COMBINE_RESULT,dr_ggprs,4,57
COMBINE_RESULT,dr_gprs,4,55
COMERR_CODE,dr_in_gprs,1,70
COMMAND_CODE,dr_in_gprs,4,26
COMMAND_CODE,dr_in_gprs_old,1,26
COMMAND_CODE,dr_scp,4,32
CONDITION_ID,dr_addvalue,4,60
CONDITION_ID,dr_cbs,4,59
CONDITION_ID,dr_ggprs,4,13
CONDITION_ID,dr_gprs,4,13
CONDITION_ID,dr_gsm,4,59
CONDITION_ID,dr_ip,4,13
CONDITION_ID,dr_ismg,4,13
CONDITION_ID,dr_kj,4,13
CONDITION_ID,dr_mms,4,15
CONDITION_ID,dr_pbx,4,59
CONDITION_ID,dr_sms,4,13
CONDITION_ID,dr_wap,4,13
CONDITION_ID,dr_wlan,4,13
CONTENT_CODE,dr_cbs,4,85
CONTENT_SIZE,dr_cbs,4,89
CONTENT_SW,dr_mms,4,65
CONTENT_TYPE,dr_mms,4,59
CP_CODE,dr_cbs,4,83
CREATE_ASK_FLAG,dr_in_gprs,1,66
CREATE_DATE,dr_addvalue,5,107
CREATE_DATE,dr_cbs,5,96
CREATE_DATE,dr_ext,5,51
CREATE_DATE,dr_ggprs,5,134
CREATE_DATE,dr_gprs,5,127
CREATE_DATE,dr_gsm,5,103
CREATE_DATE,dr_ip,5,75
CREATE_DATE,dr_ismg,5,74
CREATE_DATE,dr_kj,5,76
CREATE_DATE,dr_mms,5,88
CREATE_DATE,dr_pbx,5,103
CREATE_DATE,dr_sms,5,87
CREATE_DATE,dr_vc,5,29
CREATE_DATE,dr_wap,5,72
CREATE_DATE,dr_wlan,5,72
CREDIT_MIDDLE_INFO,dr_in_gprs,4,15
CREDIT_MIDDLE_INFO,dr_in_gprs_old,4,15
CREDIT_MIDDLE_INFO,dr_scp,4,30
CREDIT_MIDDLE_INFO,dr_scp_old,4,30
CUST_ID,dr_addvalue,4,11
CUST_ID,dr_cbs,4,10
CUST_ID,dr_ext,4,9
CUST_ID,dr_ggprs,4,10
CUST_ID,dr_gprs,4,10
CUST_ID,dr_gsm,4,11
CUST_ID,dr_ip,4,10
CUST_ID,dr_ismg,4,10
CUST_ID,dr_kj,4,10
CUST_ID,dr_mms,4,10
CUST_ID,dr_pbx,4,11
CUST_ID,dr_sms,4,10
CUST_ID,dr_wap,4,10
CUST_ID,dr_wlan,4,10
DATA_FLOW_DOWN1,dr_ggprs,4,91
DATA_FLOW_DOWN1,dr_gprs,4,73
DATA_FLOW_DOWN1,dr_in_gprs,2,43
DATA_FLOW_DOWN1,dr_in_gprs_old,2,43
DATA_FLOW_DOWN2,dr_ggprs,4,107
DATA_FLOW_DOWN2,dr_gprs,4,88
DATA_FLOW_DOWN2,dr_in_gprs,2,47
DATA_FLOW_DOWN2,dr_in_gprs_old,2,47
DATA_FLOW_DOWN3,dr_gprs,4,103
DATA_FLOW_UP1,dr_ggprs,4,90
DATA_FLOW_UP1,dr_gprs,4,72
DATA_FLOW_UP1,dr_in_gprs,2,42
DATA_FLOW_UP1,dr_in_gprs_old,2,42
DATA_FLOW_UP2,dr_ggprs,4,106
DATA_FLOW_UP2,dr_gprs,4,87
DATA_FLOW_UP2,dr_in_gprs,2,46
DATA_FLOW_UP2,dr_in_gprs_old,2,46
DATA_FLOW_UP3,dr_gprs,4,102
DATA_SIZE,dr_kj,4,50
DATA_VOLUMN,dr_domestic,1,5
DCS,dr_sms,4,58
DEAL_DATETIME,dr_ggprs,5,62
DEDUCTION_FLAG,dr_sms,4,55
DELV_SERVER_CODE,dr_cbs,4,87
DEV_CODE,dr_kj,4,39
DISCOUNT,dr_in_gprs,2,35
DISCOUNT,dr_in_gprs_old,2,35
DISCOUNT,dr_kj,4,46
DISCOUNT,dr_wap,4,48
DNLOAD_DURATION,dr_kj,4,47
DN_VOLUME1,dr_cbs,4,24
DN_VOLUME2,dr_cbs,4,25
DOWNVOLUME,dr_gprs,4,58
DOWN_VOLUME,dr_ggprs,4,75
DOWN_VOLUME,dr_wlan,4,44
DR_TYPE,dr_addvalue,4,3
DR_TYPE,dr_cbs,4,3
DR_TYPE,dr_ext,4,2
DR_TYPE,dr_ggprs,4,2
DR_TYPE,dr_gprs,4,2
DR_TYPE,dr_gsm,4,3
DR_TYPE,dr_in_gprs,2,19
DR_TYPE,dr_in_gprs_old,2,19
DR_TYPE,dr_ip,4,2
DR_TYPE,dr_ismg,4,2
DR_TYPE,dr_kj,4,2
DR_TYPE,dr_mms,4,2
DR_TYPE,dr_pbx,4,3
DR_TYPE,dr_scp,4,3
DR_TYPE,dr_scp_old,4,3
DR_TYPE,dr_sms,4,2
DR_TYPE,dr_vc,4,2
DR_TYPE,dr_wap,4,2
DR_TYPE,dr_wlan,4,2
DURATION,dr_addvalue,4,22
DURATION,dr_cbs,4,20
DURATION,dr_ext,4,20
DURATION,dr_ggprs,4,24
DURATION,dr_gprs,4,23
DURATION,dr_gsm,4,21
DURATION,dr_in_gprs,2,5
DURATION,dr_in_gprs_old,2,5
DURATION,dr_ip,4,37
DURATION,dr_pbx,4,21
DURATION,dr_scp,4,8
DURATION,dr_scp_old,4,8
DURATION,dr_wlan,4,42
DURATION1,dr_ggprs,4,93
DURATION1,dr_gprs,4,75
DURATION2,dr_ggprs,4,109
DURATION2,dr_gprs,4,90
DURATION3,dr_gprs,4,105
DURATION_CALA,dr_in_gprs,2,45
DURATION_CALA,dr_in_gprs_old,2,45
END_DATE,dr_ext,5,60
END_ID,dr_in_gprs,4,28
END_ID,dr_in_gprs_old,4,28
ERROR_CODE,dr_sms,4,59
ERR_CODE,dr_in_gprs,4,9
ERR_CODE,dr_in_gprs_old,4,9
ERR_CODE,dr_scp,4,20
ERR_CODE,dr_scp_old,4,20
ESN,dr_addvalue,4,62
ESN,dr_gsm,4,61
ESN,dr_pbx,4,61
FATHER_PROCESS_TYPE,dr_in_gprs,2,25
FATHER_PROCESS_TYPE,dr_in_gprs_old,2,25
FATHER_SESSION_ID,dr_in_gprs,4,7
FATHER_SESSION_ID,dr_in_gprs_old,4,7
FCI_TYPE,dr_ggprs,4,140
FCI_TYPE,dr_gprs,4,140
FCI_TYPE,dr_gsm,4,100
FCI_TYPE,dr_pbx,4,100
FILE_TYPE,dr_hu,4,3
FINAL_STATE,dr_sms,4,44
FIRSTCDR_START_TIME,dr_addvalue,5,115
FORWARD_ISMG_ID,dr_ismg,4,53
FREERES_MIDDLE_INFO,dr_in_gprs,4,13
FREERES_MIDDLE_INFO,dr_in_gprs_old,4,13
FREERES_MIDDLE_INFO,dr_scp,4,28
FREERES_MIDDLE_INFO,dr_scp_old,4,28
FREE_RES_UPGRADE,dr_ggprs,4,141
FREE_RES_UPGRADE,dr_in_gprs,4,61
FREE_RES_UPGRADE,dr_in_gprs_old,4,61
FREE_RES_VAL,dr_addvalue,4,48
FREE_RES_VAL,dr_cbs,4,50
FREE_RES_VAL,dr_ggprs,4,40
FREE_RES_VAL,dr_gprs,4,38
FREE_RES_VAL,dr_gsm,4,47
FREE_RES_VAL,dr_ip,4,35
FREE_RES_VAL,dr_ismg,4,37
FREE_RES_VAL,dr_kj,4,34
FREE_RES_VAL,dr_mms,4,36
FREE_RES_VAL,dr_pbx,4,47
FREE_RES_VAL,dr_sms,4,35
FREE_RES_VAL,dr_wap,4,36
FREE_RES_VAL,dr_wlan,4,36
FUI,dr_in_gprs,2,65
GATEWAY,dr_sms,4,64
GATEWAY_ID,dr_wap,4,42
GGSN_ADDRESS,dr_ggprs,4,51
GGSN_ADDRESS,dr_gprs,4,49
GGSN_ADDRESS,dr_in_gprs,4,16
GGSN_ADDRESS,dr_in_gprs_old,4,16
GGSN_ID,dr_ggprs,4,66
GGSN_ID,dr_gprs,4,137
GGSN_ID,dr_wlan,4,87
GROUP_ID,dr_addvalue,4,83
GROUP_ID,dr_gsm,4,79
GROUP_ID,dr_ip,4,54
GROUP_ID,dr_pbx,4,79
HOME_CARRIER,dr_wlan,4,48
HOP_ID,dr_in_gprs,4,27
HOP_ID,dr_in_gprs_old,4,27
HOSTSPOT_ID,dr_wlan,4,45
HPLMN1,dr_addvalue,4,29
HPLMN1,dr_cbs,4,31
HPLMN1,dr_ext,4,14
HPLMN1,dr_ggprs,4,17
HPLMN1,dr_gprs,4,16
HPLMN1,dr_gsm,4,28
HPLMN1,dr_hu,4,15
HPLMN1,dr_ip,4,15
HPLMN1,dr_ismg,4,16
HPLMN1,dr_kj,4,15
HPLMN1,dr_mms,4,16
HPLMN1,dr_pbx,4,28
HPLMN1,dr_sms,4,15
HPLMN1,dr_vc,4,13
HPLMN1,dr_wap,4,15
HPLMN1,dr_wlan,4,15
HPLMN2,dr_addvalue,4,30
HPLMN2,dr_cbs,4,32
HPLMN2,dr_ext,4,15
HPLMN2,dr_ggprs,4,18
HPLMN2,dr_gprs,4,17
HPLMN2,dr_gsm,4,29
HPLMN2,dr_hu,4,16
HPLMN2,dr_ip,4,16
HPLMN2,dr_ismg,4,17
HPLMN2,dr_kj,4,16
HPLMN2,dr_mms,4,17
HPLMN2,dr_pbx,4,29
HPLMN2,dr_sms,4,16
HPLMN2,dr_vc,4,14
HPLMN2,dr_wap,4,16
HPLMN2,dr_wlan,4,16
HPLMN3,dr_addvalue,4,31
HPLMN3,dr_cbs,4,33
HPLMN3,dr_ext,4,16
HPLMN3,dr_ggprs,4,19
HPLMN3,dr_gprs,4,18
HPLMN3,dr_gsm,4,30
HPLMN3,dr_ip,4,17
HPLMN3,dr_ismg,4,18
HPLMN3,dr_kj,4,17
HPLMN3,dr_mms,4,18
HPLMN3,dr_pbx,4,30
HPLMN3,dr_sms,4,17
HPLMN3,dr_wap,4,17
HPLMN3,dr_wlan,4,17
HPLMN4,dr_gsm,4,110
IMEI,dr_cbs,4,15
IMEI,dr_ggprs,4,16
IMEI,dr_gprs,4,126
IMEI,dr_in_gprs,4,38
IMEI,dr_in_gprs_old,4,38
IMSI,dr_addvalue,4,14
IMSI,dr_cbs,4,13
IMSI,dr_ext,4,12
IMSI,dr_ggprs,4,14
IMSI,dr_gprs,4,14
IMSI,dr_gsm,4,14
IMSI,dr_hu,4,1
IMSI,dr_in_gprs,4,55
IMSI,dr_in_gprs_old,4,55
IMSI,dr_ip,4,14
IMSI,dr_ismg,4,14
IMSI,dr_kj,4,14
IMSI,dr_mms,4,13
IMSI,dr_pbx,4,14
IMSI,dr_sms,4,14
IMSI,dr_wap,4,14
IMSI,dr_wlan,4,14
INFO_LEVEL,dr_mms,4,61
INFO_TYPE,dr_mms,4,43
INFO_TYPE,dr_sms,4,45
INPUT_TAB_NAME,dr_addvalue,4,117
INPUT_TIME,dr_addvalue,5,121
INPUT_TIME,dr_cbs,5,109
INPUT_TIME,dr_domestic,5,10
INPUT_TIME,dr_ext,5,65
INPUT_TIME,dr_ggprs,5,151
INPUT_TIME,dr_gprs,5,145
INPUT_TIME,dr_gsm,5,115
INPUT_TIME,dr_hu,5,23
INPUT_TIME,dr_ip,5,84
INPUT_TIME,dr_ismg,5,92
INPUT_TIME,dr_kj,5,89
INPUT_TIME,dr_mms,5,102
INPUT_TIME,dr_pbx,5,112
INPUT_TIME,dr_sms,5,101
INPUT_TIME,dr_vc,5,36
INPUT_TIME,dr_wap,5,85
INPUT_TIME,dr_wlan,5,93
IN_BUDGET_RES,dr_in_gprs,4,11
IN_BUDGET_RES,dr_in_gprs_old,1,11
IN_BUDGET_RES,dr_scp,4,25
IN_BUDGET_RES,dr_scp_old,4,25
IN_RELEASE_DEAL,dr_in_gprs,4,10
IN_RELEASE_DEAL,dr_in_gprs_old,1,10
IN_RELEASE_DEAL,dr_scp,4,24
IN_RELEASE_DEAL,dr_scp_old,4,24
IN_TRUNKID,dr_addvalue,4,81
IN_TRUNKID,dr_gsm,4,77
IN_TRUNKID,dr_pbx,4,77
IP_ADDRESS,dr_cbs,4,68
ISMG_ID,dr_ismg,4,52
ITEM_CODE1,dr_addvalue,4,36
ITEM_CODE1,dr_cbs,4,38
ITEM_CODE1,dr_ext,4,22
ITEM_CODE1,dr_ggprs,4,28
ITEM_CODE1,dr_gprs,4,26
ITEM_CODE1,dr_ip,4,23
ITEM_CODE1,dr_ismg,4,25
ITEM_CODE1,dr_kj,4,22
ITEM_CODE1,dr_mms,4,24
ITEM_CODE1,dr_sms,4,23
ITEM_CODE1,dr_wap,4,24
ITEM_CODE1,dr_wlan,4,24
ITEM_CODE2,dr_addvalue,4,39
ITEM_CODE2,dr_cbs,4,41
ITEM_CODE2,dr_ext,4,25
ITEM_CODE2,dr_ggprs,4,31
ITEM_CODE2,dr_gprs,4,29
ITEM_CODE2,dr_ip,4,26
ITEM_CODE2,dr_ismg,4,28
ITEM_CODE2,dr_kj,4,25
ITEM_CODE2,dr_mms,4,27
ITEM_CODE2,dr_sms,4,26
ITEM_CODE2,dr_wap,4,27
ITEM_CODE2,dr_wlan,4,27
ITEM_CODE3,dr_addvalue,4,42
ITEM_CODE3,dr_cbs,4,44
ITEM_CODE3,dr_ext,4,28
ITEM_CODE3,dr_ggprs,4,34
ITEM_CODE3,dr_gprs,4,32
ITEM_CODE3,dr_ip,4,29
ITEM_CODE3,dr_ismg,4,31
ITEM_CODE3,dr_kj,4,28
ITEM_CODE3,dr_mms,4,30
ITEM_CODE3,dr_sms,4,29
ITEM_CODE3,dr_wap,4,30
ITEM_CODE3,dr_wlan,4,30
ITEM_CODE4,dr_addvalue,4,45
ITEM_CODE4,dr_cbs,4,47
ITEM_CODE4,dr_ext,4,31
ITEM_CODE4,dr_ggprs,4,37
ITEM_CODE4,dr_gprs,4,35
ITEM_CODE4,dr_ip,4,32
ITEM_CODE4,dr_ismg,4,34
ITEM_CODE4,dr_kj,4,31
ITEM_CODE4,dr_mms,4,33
ITEM_CODE4,dr_sms,4,32
ITEM_CODE4,dr_wap,4,33
ITEM_CODE4,dr_wlan,4,33
ITem_code1,dr_gsm,4,35
ITem_code1,dr_pbx,4,35
ITem_code2,dr_gsm,4,38
ITem_code2,dr_pbx,4,38
ITem_code3,dr_gsm,4,41
ITem_code3,dr_pbx,4,41
ITem_code4,dr_gsm,4,44
ITem_code4,dr_pbx,4,44
LAC_ID,dr_addvalue,4,75
LAC_ID,dr_cbs,4,64
LAC_ID,dr_ggprs,4,47
LAC_ID,dr_gprs,4,45
LAC_ID,dr_gsm,4,71
LAC_ID,dr_in_gprs,4,39
LAC_ID,dr_in_gprs_old,4,39
LAC_ID,dr_pbx,4,71
LAC_ID,dr_scp,4,14
LAC_ID,dr_scp_old,4,14
LAST_TIME,dr_hu,5,9
LATE_LINK,dr_addvalue,4,120
LATE_LINK,dr_cbs,4,108
LATE_LINK,dr_domestic,1,9
LATE_LINK,dr_ext,4,64
LATE_LINK,dr_ggprs,4,150
LATE_LINK,dr_gprs,4,144
LATE_LINK,dr_gsm,4,114
LATE_LINK,dr_hu,4,22
LATE_LINK,dr_ip,4,83
LATE_LINK,dr_ismg,4,91
LATE_LINK,dr_kj,4,88
LATE_LINK,dr_mms,4,101
LATE_LINK,dr_pbx,4,111
LATE_LINK,dr_sms,4,100
LATE_LINK,dr_vc,4,35
LATE_LINK,dr_wap,4,84
LATE_LINK,dr_wlan,4,92
LIMIT_FEE,dr_hu,4,14
LOCAL_REC_SEQ_NO,dr_ggprs,4,64
LOCAL_REC_SEQ_NO,dr_gprs,4,138
MAIN_NOCLEAR_FLAG,dr_ggprs,1,143
MAIN_NOCLEAR_FLAG,dr_wlan,1,89
MCAS_BACKUP_DATE,dr_cbs,4,103
MCAS_BACKUP_DATE,dr_ismg,4,82
MCAS_BACKUP_DATE,dr_kj,4,83
MCAS_BACKUP_DATE,dr_mms,4,96
MCAS_BACKUP_DATE,dr_wap,4,79
MCAS_FLAG,dr_cbs,1,102
MCAS_FLAG,dr_ismg,1,81
MCAS_FLAG,dr_kj,1,82
MCAS_FLAG,dr_mms,1,95
MCAS_FLAG,dr_wap,1,78
MESSAGE_LENGTH,dr_ismg,4,51
MESSAGE_LENGTH,dr_scp,4,23
MESSAGE_LENGTH,dr_scp_old,4,23
MESSAGE_LENGTH,dr_sms,4,52
MESSAGE_LENGTH,dr_wap,4,51
MESSAGE_TYPE,dr_sms,4,43
MISC_ID,dr_wap,4,43
MM_CLASS,dr_mms,4,60
MM_LENGTH,dr_mms,4,47
MM_SEQ,dr_mms,4,38
MM_TYPE,dr_mms,4,42
MNS_TYPE,dr_addvalue,4,102
MNS_TYPE,dr_ggprs,4,125
MNS_TYPE,dr_gprs,4,122
MNS_TYPE,dr_gsm,4,96
MNS_TYPE,dr_in_gprs,1,44
MNS_TYPE,dr_in_gprs_old,1,44
MNS_TYPE,dr_pbx,4,96
MOBILE_ADDRESS,dr_mms,4,50
MOC_BILL_TYPE,dr_sms,4,61
MOC_ID,dr_addvalue,4,84
MOC_ID,dr_gsm,4,80
MOC_ID,dr_ip,4,52
MOC_ID,dr_pbx,4,80
MODIFICATION_IND,dr_addvalue,4,64
MODIFICATION_IND,dr_gsm,4,63
MODIFICATION_IND,dr_pbx,4,63
MONITOR_CDR,dr_addvalue,4,105
MONITOR_CDR,dr_cbs,4,94
MONITOR_CDR,dr_ggprs,4,127
MONITOR_CDR,dr_gprs,4,124
MONITOR_CDR,dr_gsm,4,101
MONITOR_CDR,dr_in_gprs,4,37
MONITOR_CDR,dr_in_gprs_old,4,37
MONITOR_CDR,dr_ip,4,73
MONITOR_CDR,dr_ismg,4,72
MONITOR_CDR,dr_kj,4,74
MONITOR_CDR,dr_mms,4,86
MONITOR_CDR,dr_pbx,4,101
MONITOR_CDR,dr_sms,4,85
MONITOR_CDR,dr_wap,4,70
MONITOR_CDR,dr_wlan,4,70
MSC_ID,dr_addvalue,4,70
MSC_ID,dr_gsm,4,69
MSC_ID,dr_ip,4,47
MSC_ID,dr_pbx,4,69
MSC_ID,dr_scp,4,13
MSC_ID,dr_scp_old,4,13
MSG_SRC_TYPE,dr_ismg,4,88
MSG_SRC_TYPE,dr_sms,4,97
MSNC,dr_ggprs,4,46
MSNC,dr_gprs,4,44
MSRN,dr_addvalue,4,69
MSRN,dr_gsm,4,68
MSRN,dr_ip,4,46
MSRN,dr_pbx,4,68
MSRN,dr_scp,4,12
MSRN,dr_scp_old,4,12
MTC_BILL_TYPE,dr_sms,4,62
MTC_ID,dr_addvalue,4,85
MTC_ID,dr_gsm,4,81
MTC_ID,dr_ip,4,53
MTC_ID,dr_pbx,4,81
NETCALL_FLAG,dr_addvalue,4,61
NETCALL_FLAG,dr_gsm,4,60
NETCALL_FLAG,dr_ip,4,44
NETCALL_FLAG,dr_pbx,4,60
NET_FLAG,dr_domestic,1,6
NOCLEAR_FLAG,dr_ggprs,1,142
NOCLEAR_FLAG,dr_wlan,1,88
NOCLEAR_GROUP_LIST,dr_ggprs,4,144
NOTIFY_TYPE,dr_in_gprs,1,8
NOTIFY_TYPE,dr_in_gprs_old,1,8
NOTIFY_TYPE,dr_scp,4,19
NOTIFY_TYPE,dr_scp_old,4,19
OCTETS1,dr_in_gprs,2,20
OCTETS1,dr_in_gprs_old,2,20
OCTETS2,dr_in_gprs,2,21
OCTETS2,dr_in_gprs_old,2,21
ONLINE_DURATION,dr_kj,4,49
OPERATOR_CODE,dr_addvalue,4,72
OPERATOR_CODE,dr_cbs,4,62
OPERATOR_CODE,dr_ismg,4,47
OPER_CODE,dr_kj,4,42
OPER_CODE,dr_mms,4,56
OPER_ID,dr_wlan,4,80
OPP_ACCESS_TYPE,dr_addvalue,4,26
OPP_ACCESS_TYPE,dr_gsm,4,25
OPP_ACCESS_TYPE,dr_pbx,4,25
OPP_AREACODE,dr_ip,4,42
OPP_CONDITION_ID,dr_addvalue,4,59
OPP_CONDITION_ID,dr_gsm,4,58
OPP_CONDITION_ID,dr_pbx,4,58
OPP_GATEWAY,dr_sms,4,66
OPP_HOME_AREACODE,dr_addvalue,4,66
OPP_HOME_AREACODE,dr_gsm,4,65
OPP_HOME_AREACODE,dr_pbx,4,65
OPP_HOME_AREACODE,dr_sms,4,96
OPP_HPLMN,dr_ip,4,51
OPP_IP_ADDRESS,dr_cbs,4,69
OPP_NOACCESS_NUMBER,dr_gsm,4,89
OPP_NOACCESS_NUMBER,dr_pbx,4,89
OPP_NUMBER,dr_addvalue,4,17
OPP_NUMBER,dr_cbs,4,17
OPP_NUMBER,dr_gsm,4,17
OPP_NUMBER,dr_ip,4,40
OPP_NUMBER,dr_ismg,4,41
OPP_NUMBER,dr_kj,4,56
OPP_NUMBER,dr_pbx,4,17
OPP_NUMBER,dr_scp,4,5
OPP_NUMBER,dr_scp_old,4,5
OPP_NUMBER,dr_sms,4,49
OPP_NUMBER,dr_vc,4,9
OPP_NUMBER_TYPE,dr_addvalue,4,27
OPP_NUMBER_TYPE,dr_gsm,4,26
OPP_NUMBER_TYPE,dr_pbx,4,26
OPP_PLAN_ID,dr_addvalue,4,19
OPP_PLAN_ID,dr_gsm,4,87
OPP_PLAN_ID,dr_pbx,4,87
OPP_PORT,dr_cbs,4,71
OPP_PROPERTY,dr_addvalue,4,104
OPP_PROPERTY,dr_gsm,4,98
OPP_PROPERTY,dr_pbx,4,98
OPP_RATE_PROD_ID,dr_addvalue,4,10
OPP_RATE_PROD_ID,dr_gsm,4,10
OPP_RATE_PROD_ID,dr_pbx,4,10
OPP_RESOURSE_AREACODE,dr_gsm,4,111
OPP_ROAM_AREACODE,dr_addvalue,4,65
OPP_ROAM_AREACODE,dr_gsm,4,64
OPP_ROAM_AREACODE,dr_pbx,4,64
OPP_TYPE,dr_ip,4,41
OPP_TYPE,dr_ismg,4,42
OPP_TYPE,dr_kj,4,57
OPP_TYPE,dr_sms,4,51
OPP_USER_NUMBER,dr_addvalue,4,18
OPP_USER_NUMBER,dr_gsm,4,18
OPP_USER_NUMBER,dr_pbx,4,18
OPP_USER_TYPE,dr_sms,4,63
ORIGINAL_FILE,dr_addvalue,4,93
ORIGINAL_FILE,dr_cbs,4,81
ORIGINAL_FILE,dr_ext,4,42
ORIGINAL_FILE,dr_ggprs,4,118
ORIGINAL_FILE,dr_gprs,4,113
ORIGINAL_FILE,dr_gsm,4,84
ORIGINAL_FILE,dr_hu,4,17
ORIGINAL_FILE,dr_ip,4,64
ORIGINAL_FILE,dr_ismg,4,62
ORIGINAL_FILE,dr_kj,4,65
ORIGINAL_FILE,dr_mms,4,70
ORIGINAL_FILE,dr_pbx,4,84
ORIGINAL_FILE,dr_sms,4,75
ORIGINAL_FILE,dr_vc,4,22
ORIGINAL_FILE,dr_wap,4,61
ORIGINAL_FILE,dr_wlan,4,61
ORIGIN_HOST,dr_in_gprs,4,31
ORIGIN_HOST,dr_in_gprs_old,4,31
ORIGIN_REALM,dr_in_gprs,4,32
ORIGIN_REALM,dr_in_gprs_old,4,32
ORI_BASIC_CHARGE,dr_addvalue,4,52
ORI_BASIC_CHARGE,dr_cbs,4,52
ORI_BASIC_CHARGE,dr_ext,4,35
ORI_BASIC_CHARGE,dr_ggprs,4,111
ORI_BASIC_CHARGE,dr_gprs,4,106
ORI_BASIC_CHARGE,dr_ip,4,57
ORI_BASIC_CHARGE,dr_ismg,4,55
ORI_BASIC_CHARGE,dr_kj,4,58
ORI_BASIC_CHARGE,dr_mms,4,72
ORI_BASIC_CHARGE,dr_sms,4,68
ORI_BASIC_CHARGE,dr_wap,4,54
ORI_BASIC_CHARGE,dr_wlan,4,54
ORI_OTHER_CHARGE,dr_addvalue,4,54
ORI_OTHER_CHARGE,dr_cbs,4,54
ORI_OTHER_CHARGE,dr_ext,4,37
ORI_OTHER_CHARGE,dr_ggprs,4,113
ORI_OTHER_CHARGE,dr_gprs,4,108
ORI_OTHER_CHARGE,dr_gsm,4,53
ORI_OTHER_CHARGE,dr_ip,4,59
ORI_OTHER_CHARGE,dr_ismg,4,57
ORI_OTHER_CHARGE,dr_kj,4,60
ORI_OTHER_CHARGE,dr_mms,4,74
ORI_OTHER_CHARGE,dr_pbx,4,53
ORI_OTHER_CHARGE,dr_sms,4,70
ORI_OTHER_CHARGE,dr_wap,4,56
ORI_OTHER_CHARGE,dr_wlan,4,56
ORI_TOLL_CHARGE,dr_addvalue,4,53
ORI_TOLL_CHARGE,dr_cbs,4,53
ORI_TOLL_CHARGE,dr_ext,4,36
ORI_TOLL_CHARGE,dr_ggprs,4,112
ORI_TOLL_CHARGE,dr_gprs,4,107
ORI_TOLL_CHARGE,dr_ip,4,58
ORI_TOLL_CHARGE,dr_ismg,4,56
ORI_TOLL_CHARGE,dr_kj,4,59
ORI_TOLL_CHARGE,dr_mms,4,73
ORI_TOLL_CHARGE,dr_sms,4,69
ORI_TOLL_CHARGE,dr_wap,4,55
ORI_TOLL_CHARGE,dr_wlan,4,55
OTHER_INFO1,dr_addvalue,4,86
OTHER_INFO2,dr_addvalue,4,87
OTHER_INFO3,dr_addvalue,4,88
OTHER_INFO4,dr_addvalue,4,89
OTHER_INFO5,dr_addvalue,4,90
OUT_TRUNKID,dr_addvalue,4,82
OUT_TRUNKID,dr_gsm,4,78
OUT_TRUNKID,dr_pbx,4,78
PARTIAL_ID,dr_addvalue,4,114
PARTIAL_ID,dr_ismg,1,86
PARTIAL_ID,dr_sms,1,94
PARTIAL_NUM,dr_ggprs,4,77
PARTIAL_NUM,dr_gprs,4,59
PARTIAL_NUM,dr_in_gprs,1,50
PARTIAL_NUM,dr_in_gprs_old,1,50
PARTIAL_TOTAL,dr_ismg,1,87
PARTIAL_TOTAL,dr_sms,1,95
PARTIAL_TYPE_INDICATOR,dr_ggprs,4,61
PARTIAL_TYPE_INDICATOR,dr_in_gprs,4,36
PARTIAL_TYPE_INDICATOR,dr_in_gprs_old,4,36
PAY_REL_NUMBER,dr_ext,4,58
PDP_ADDRESS,dr_ggprs,4,55
PDP_ADDRESS,dr_gprs,4,53
PDP_ADDRESS,dr_in_gprs,4,54
PDP_ADDRESS,dr_in_gprs_old,4,54
PDP_TYPE,dr_ggprs,4,54
PDP_TYPE,dr_gprs,4,52
PDP_TYPE,dr_in_gprs,4,53
PDP_TYPE,dr_in_gprs_old,4,53
PID,dr_sms,4,57
PLAN_ID,dr_addvalue,4,9
PLAN_ID,dr_cbs,4,9
PLAN_ID,dr_ext,4,8
PLAN_ID,dr_ggprs,4,9
PLAN_ID,dr_gprs,4,9
PLAN_ID,dr_gsm,4,9
PLAN_ID,dr_ip,4,9
PLAN_ID,dr_ismg,4,9
PLAN_ID,dr_kj,4,9
PLAN_ID,dr_mms,4,9
PLAN_ID,dr_pbx,4,9
PLAN_ID,dr_sms,4,9
PLAN_ID,dr_wap,4,9
PLAN_ID,dr_wlan,4,9
PORT,dr_cbs,4,70
PRIORITY,dr_kj,4,51
PRIOR_LEVEL,dr_sms,4,46
PROCESS_TIME,dr_addvalue,5,91
PROCESS_TIME,dr_cbs,5,79
PROCESS_TIME,dr_ext,5,43
PROCESS_TIME,dr_ggprs,5,119
PROCESS_TIME,dr_gprs,5,112
PROCESS_TIME,dr_gsm,5,82
PROCESS_TIME,dr_ip,5,63
PROCESS_TIME,dr_ismg,5,61
PROCESS_TIME,dr_kj,5,64
PROCESS_TIME,dr_mms,5,69
PROCESS_TIME,dr_pbx,5,82
PROCESS_TIME,dr_sms,5,74
PROCESS_TIME,dr_wap,5,60
PROCESS_TIME,dr_wlan,5,60
PROCESS_TYPE,dr_in_gprs,2,24
PROCESS_TYPE,dr_in_gprs_old,2,24
PROCESS_TYPE,dr_scp,4,18
PROCESS_TYPE,dr_scp_old,4,18
PRODUCT_ID,dr_addvalue,4,7
PRODUCT_ID,dr_cbs,4,7
PRODUCT_ID,dr_domestic,4,3
PRODUCT_ID,dr_ext,4,6
PRODUCT_ID,dr_ggprs,4,7
PRODUCT_ID,dr_gprs,4,7
PRODUCT_ID,dr_gsm,4,7
PRODUCT_ID,dr_ip,4,7
PRODUCT_ID,dr_ismg,4,7
PRODUCT_ID,dr_kj,4,7
PRODUCT_ID,dr_mms,4,7
PRODUCT_ID,dr_pbx,4,7
PRODUCT_ID,dr_sms,4,7
PRODUCT_ID,dr_wap,4,7
PRODUCT_ID,dr_wlan,4,7
PROMOTION_PRODS,dr_addvalue,4,8
PROMOTION_PRODS,dr_cbs,4,8
PROMOTION_PRODS,dr_ext,4,7
PROMOTION_PRODS,dr_ggprs,4,8
PROMOTION_PRODS,dr_gprs,4,8
PROMOTION_PRODS,dr_gsm,4,8
PROMOTION_PRODS,dr_ip,4,8
PROMOTION_PRODS,dr_ismg,4,8
PROMOTION_PRODS,dr_kj,4,8
PROMOTION_PRODS,dr_mms,4,8
PROMOTION_PRODS,dr_pbx,4,8
PROMOTION_PRODS,dr_sms,4,8
PROMOTION_PRODS,dr_wap,4,8
PROMOTION_PRODS,dr_wlan,4,8
PROTOCAL_TYPE,dr_cbs,4,72
QCT,dr_in_gprs,2,64
QHT,dr_in_gprs,2,63
QOS_NEG_DELAY1,dr_ggprs,4,86
QOS_NEG_DELAY1,dr_gprs,4,68
QOS_NEG_DELAY2,dr_ggprs,4,102
QOS_NEG_DELAY2,dr_gprs,4,83
QOS_NEG_DELAY3,dr_gprs,4,98
QOS_NEG_MEAN1,dr_ggprs,4,89
QOS_NEG_MEAN1,dr_gprs,4,71
QOS_NEG_MEAN2,dr_ggprs,4,105
QOS_NEG_MEAN2,dr_gprs,4,86
QOS_NEG_MEAN3,dr_gprs,4,101
QOS_NEG_PEAK1,dr_ggprs,4,88
QOS_NEG_PEAK1,dr_gprs,4,70
QOS_NEG_PEAK2,dr_ggprs,4,104
QOS_NEG_PEAK2,dr_gprs,4,85
QOS_NEG_PEAK3,dr_gprs,4,100
QOS_NEG_PRECEDENCE1,dr_ggprs,4,87
QOS_NEG_PRECEDENCE1,dr_gprs,4,69
QOS_NEG_PRECEDENCE2,dr_ggprs,4,103
QOS_NEG_PRECEDENCE2,dr_gprs,4,84
QOS_NEG_PRECEDENCE3,dr_gprs,4,99
QOS_NEG_RELIABILITY1,dr_ggprs,4,85
QOS_NEG_RELIABILITY1,dr_gprs,4,67
QOS_NEG_RELIABILITY2,dr_ggprs,4,101
QOS_NEG_RELIABILITY2,dr_gprs,4,82
QOS_NEG_RELIABILITY3,dr_gprs,4,97
QOS_REQ_DELAY1,dr_ggprs,4,81
QOS_REQ_DELAY1,dr_gprs,4,63
QOS_REQ_DELAY2,dr_ggprs,4,97
QOS_REQ_DELAY2,dr_gprs,4,78
QOS_REQ_DELAY3,dr_gprs,4,93
QOS_REQ_MEAN1,dr_ggprs,4,84
QOS_REQ_MEAN1,dr_gprs,4,66
QOS_REQ_MEAN2,dr_ggprs,4,100
QOS_REQ_MEAN2,dr_gprs,4,81
QOS_REQ_MEAN3,dr_gprs,4,96
QOS_REQ_PEAK1,dr_ggprs,4,83
QOS_REQ_PEAK1,dr_gprs,4,65
QOS_REQ_PEAK2,dr_ggprs,4,99
QOS_REQ_PEAK2,dr_gprs,4,80
QOS_REQ_PEAK3,dr_gprs,4,95
QOS_REQ_PRECEDENCE1,dr_ggprs,4,82
QOS_REQ_PRECEDENCE1,dr_gprs,4,64
QOS_REQ_PRECEDENCE2,dr_ggprs,4,98
QOS_REQ_PRECEDENCE2,dr_gprs,4,79
QOS_REQ_PRECEDENCE3,dr_gprs,4,94
QOS_REQ_RELIABILITY1,dr_ggprs,4,80
QOS_REQ_RELIABILITY1,dr_gprs,4,62
QOS_REQ_RELIABILITY2,dr_ggprs,4,96
QOS_REQ_RELIABILITY2,dr_gprs,4,77
QOS_REQ_RELIABILITY3,dr_gprs,4,92
RAC,dr_ggprs,4,49
RAC,dr_gprs,4,47
RATE_PROD_ID,dr_addvalue,4,6
RATE_PROD_ID,dr_cbs,4,6
RATE_PROD_ID,dr_ext,4,5
RATE_PROD_ID,dr_ggprs,4,6
RATE_PROD_ID,dr_gprs,4,6
RATE_PROD_ID,dr_gsm,4,6
RATE_PROD_ID,dr_ip,4,6
RATE_PROD_ID,dr_ismg,4,6
RATE_PROD_ID,dr_kj,4,6
RATE_PROD_ID,dr_mms,4,6
RATE_PROD_ID,dr_pbx,4,6
RATE_PROD_ID,dr_sms,4,6
RATE_PROD_ID,dr_wap,4,6
RATE_PROD_ID,dr_wlan,4,6
RATING_FLAG,dr_addvalue,4,35
RATING_FLAG,dr_cbs,4,37
RATING_FLAG,dr_ggprs,4,26
RATING_FLAG,dr_gprs,4,25
RATING_FLAG,dr_gsm,4,34
RATING_FLAG,dr_ip,4,22
RATING_FLAG,dr_ismg,4,24
RATING_FLAG,dr_kj,4,21
RATING_FLAG,dr_mms,4,23
RATING_FLAG,dr_pbx,4,34
RATING_FLAG,dr_sms,4,22
RATING_FLAG,dr_wap,4,23
RATING_FLAG,dr_wlan,4,23
RATING_MIDDLE_INFO,dr_in_gprs,4,12
RATING_MIDDLE_INFO,dr_in_gprs_old,4,12
RATING_MIDDLE_INFO,dr_scp,4,26
RATING_MIDDLE_INFO,dr_scp_old,4,26
RATING_RES,dr_addvalue,4,23
RATING_RES,dr_cbs,4,26
RATING_RES,dr_ext,4,21
RATING_RES,dr_ggprs,4,25
RATING_RES,dr_gprs,4,24
RATING_RES,dr_gsm,4,22
RATING_RES,dr_ip,4,21
RATING_RES,dr_ismg,4,23
RATING_RES,dr_kj,4,20
RATING_RES,dr_mms,4,22
RATING_RES,dr_pbx,4,22
RATING_RES,dr_scp,4,9
RATING_RES,dr_scp_old,4,9
RATING_RES,dr_sms,4,21
RATING_RES,dr_wap,4,22
RATING_RES,dr_wlan,4,22
RATING_TIME_CHANGE,dr_in_gprs,1,62
RATING_TIME_CHANGE,dr_in_gprs_old,1,62
RECEIVE_ADDRESS,dr_mms,4,40
RECEIVE_MMSC_ID,dr_mms,4,53
RECEIVE_TIME,dr_mms,5,57
RECLAIM_FLAG,dr_cbs,1,104
RECLAIM_FLAG,dr_ismg,1,83
RECLAIM_FLAG,dr_kj,1,84
RECLAIM_FLAG,dr_mms,1,97
RECLAIM_FLAG,dr_wap,1,80
RECORD_TYPE,dr_domestic,1,7
RECORD_TYPE,dr_ggprs,4,42
RECORD_TYPE,dr_gprs,4,40
RECORD_TYPE,dr_hu,4,5
RECORD_TYPE,dr_ismg,4,40
RECORD_TYPE,dr_wap,4,41
REC_SEQ_NO,dr_ggprs,4,63
REC_SEQ_NO,dr_gprs,4,136
REC_SEQ_NO,dr_wlan,4,86
REDO_FLAG,dr_addvalue,4,96
REDO_FLAG,dr_cbs,4,73
REDO_FLAG,dr_ext,4,41
REDO_FLAG,dr_ggprs,4,117
REDO_FLAG,dr_gprs,4,117
REDO_FLAG,dr_gsm,4,90
REDO_FLAG,dr_ip,4,67
REDO_FLAG,dr_ismg,4,66
REDO_FLAG,dr_kj,4,68
REDO_FLAG,dr_mms,4,80
REDO_FLAG,dr_pbx,4,90
REDO_FLAG,dr_sms,4,79
REDO_FLAG,dr_vc,4,24
REDO_FLAG,dr_wap,4,64
REDO_FLAG,dr_wlan,4,64
REPORT_TYPE,dr_mms,4,62
RESERVE1,dr_addvalue,4,97
RESERVE1,dr_cbs,4,74
RESERVE1,dr_ext,4,46
RESERVE1,dr_ggprs,4,121
RESERVE1,dr_gprs,4,118
RESERVE1,dr_gsm,4,91
RESERVE1,dr_ip,4,68
RESERVE1,dr_ismg,4,67
RESERVE1,dr_kj,4,69
RESERVE1,dr_mms,4,81
RESERVE1,dr_pbx,4,91
RESERVE1,dr_sms,4,80
RESERVE1,dr_vc,4,25
RESERVE1,dr_wap,4,65
RESERVE1,dr_wlan,4,65
RESERVE2,dr_addvalue,4,98
RESERVE2,dr_cbs,4,75
RESERVE2,dr_ext,4,47
RESERVE2,dr_ggprs,4,122
RESERVE2,dr_gprs,4,119
RESERVE2,dr_gsm,4,92
RESERVE2,dr_ip,4,69
RESERVE2,dr_ismg,4,68
RESERVE2,dr_kj,4,70
RESERVE2,dr_mms,4,82
RESERVE2,dr_pbx,4,92
RESERVE2,dr_sms,4,81
RESERVE2,dr_vc,4,26
RESERVE2,dr_wap,4,66
RESERVE2,dr_wlan,4,66
RESERVE3,dr_addvalue,4,99
RESERVE3,dr_cbs,4,76
RESERVE3,dr_ext,4,48
RESERVE3,dr_ggprs,4,123
RESERVE3,dr_gprs,4,120
RESERVE3,dr_gsm,4,93
RESERVE3,dr_ip,4,70
RESERVE3,dr_ismg,4,69
RESERVE3,dr_kj,4,71
RESERVE3,dr_mms,4,83
RESERVE3,dr_pbx,4,93
RESERVE3,dr_sms,4,82
RESERVE3,dr_vc,4,27
RESERVE3,dr_wap,4,67
RESERVE3,dr_wlan,4,67
RESERVE4,dr_addvalue,4,100
RESERVE4,dr_cbs,4,77
RESERVE4,dr_ext,4,49
RESERVE4,dr_ggprs,4,124
RESERVE4,dr_gprs,4,121
RESERVE4,dr_gsm,4,94
RESERVE4,dr_ip,4,71
RESERVE4,dr_ismg,4,70
RESERVE4,dr_kj,4,72
RESERVE4,dr_mms,4,84
RESERVE4,dr_pbx,4,94
RESERVE4,dr_sms,4,83
RESERVE4,dr_vc,4,28
RESERVE4,dr_wap,4,68
RESERVE4,dr_wlan,4,68
RETRY_TIMES,dr_sms,4,67
ROAM_CARRIER,dr_wlan,4,49
ROAM_NET_TYPE,dr_ggprs,4,22
ROAM_NET_TYPE,dr_gprs,4,21
ROAM_NET_TYPE,dr_gsm,4,33
ROAM_NET_TYPE,dr_pbx,4,33
ROAM_TYPE,dr_addvalue,4,25
ROAM_TYPE,dr_cbs,4,27
ROAM_TYPE,dr_ggprs,4,69
ROAM_TYPE,dr_gprs,4,56
ROAM_TYPE,dr_gsm,4,24
ROAM_TYPE,dr_ip,4,55
ROAM_TYPE,dr_ismg,4,43
ROAM_TYPE,dr_kj,4,45
ROAM_TYPE,dr_mms,4,66
ROAM_TYPE,dr_pbx,4,24
ROAM_TYPE,dr_sms,4,50
ROAM_TYPE,dr_vc,4,23
ROAM_TYPE,dr_wap,4,46
ROAM_TYPE,dr_wlan,4,50
ROW_ID,dr_addvalue,4,122
ROW_ID,dr_cbs,4,110
ROW_ID,dr_domestic,4,11
ROW_ID,dr_ext,4,66
ROW_ID,dr_ggprs,4,152
ROW_ID,dr_gprs,4,146
ROW_ID,dr_gsm,4,116
ROW_ID,dr_hu,4,24
ROW_ID,dr_ip,4,85
ROW_ID,dr_ismg,4,93
ROW_ID,dr_kj,4,90
ROW_ID,dr_mms,4,103
ROW_ID,dr_pbx,4,113
ROW_ID,dr_sms,4,102
ROW_ID,dr_vc,4,37
ROW_ID,dr_wap,4,86
ROW_ID,dr_wlan,4,94
SAFE_LEVEL,dr_mms,4,64
SCP_ID,dr_addvalue,4,74
SCP_ID,dr_gsm,4,70
SCP_ID,dr_ip,4,48
SCP_ID,dr_pbx,4,70
SCP_ID,dr_vc,4,20
SENDER_CODE,dr_hu,4,6
SEND_ADDRESS,dr_mms,4,39
SEND_MMSC_ID,dr_mms,4,52
SEND_PRIORITY,dr_ismg,4,50
SEND_STATE,dr_ismg,4,49
SEND_STATUS,dr_mms,4,51
SEQUENCE_NO,dr_addvalue,4,63
SEQUENCE_NO,dr_cbs,4,60
SEQUENCE_NO,dr_ext,4,45
SEQUENCE_NO,dr_gsm,4,62
SEQUENCE_NO,dr_ismg,4,39
SEQUENCE_NO,dr_kj,4,44
SEQUENCE_NO,dr_pbx,4,62
SEQUENCE_NO,dr_sms,4,39
SEQUENCE_NO,dr_wap,4,40
SEQUENCE_NO,dr_wlan,4,85
SERVER_PROV,dr_cbs,4,88
SERVICE_ATTR,dr_wap,4,49
SERVICE_CODE,dr_addvalue,4,78
SERVICE_CODE,dr_domestic,4,4
SERVICE_CODE,dr_ggprs,4,73
SERVICE_CODE,dr_gsm,4,74
SERVICE_CODE,dr_in_gprs,4,34
SERVICE_CODE,dr_in_gprs_old,4,34
SERVICE_CODE,dr_ip,4,50
SERVICE_CODE,dr_ismg,4,46
SERVICE_CODE,dr_pbx,4,74
SERVICE_CODE,dr_wap,4,45
SERVICE_CODE,dr_wlan,4,51
SERVICE_ID,dr_addvalue,4,2
SERVICE_ID,dr_cbs,4,2
SERVICE_ID,dr_ext,4,3
SERVICE_ID,dr_ggprs,4,3
SERVICE_ID,dr_gprs,4,3
SERVICE_ID,dr_gsm,4,2
SERVICE_ID,dr_in_gprs,2,2
SERVICE_ID,dr_in_gprs_old,2,2
SERVICE_ID,dr_ip,4,3
SERVICE_ID,dr_ismg,4,3
SERVICE_ID,dr_kj,4,3
SERVICE_ID,dr_mms,4,3
SERVICE_ID,dr_pbx,4,2
SERVICE_ID,dr_scp,4,2
SERVICE_ID,dr_scp_old,4,2
SERVICE_ID,dr_sms,4,3
SERVICE_ID,dr_vc,4,3
SERVICE_ID,dr_wap,4,3
SERVICE_ID,dr_wlan,4,3
SERVICE_KEY,dr_addvalue,4,79
SERVICE_KEY,dr_gprs,4,129
SERVICE_KEY,dr_gsm,4,75
SERVICE_KEY,dr_ip,4,45
VOLUME_5G,dr_ggprs,4,145
VOLUME_5G,dr_gprs,4,141
NP_FLAG,dr_ggprs,4,147
OPP_NP_FLAG,dr_ggprs,4,148
NP_FLAG,dr_gprs,4,142
OPP_NP_FLAG,dr_gprs,4,143
NP_FLAG,dr_gsm,4,112
OPP_NP_FLAG,dr_gsm,4,113
NP_FLAG,dr_ip,4,81
OPP_NP_FLAG,dr_ip,4,82
NP_FLAG,dr_ismg,4,89
OPP_NP_FLAG,dr_ismg,4,90
NP_FLAG,dr_kj,4,86
OPP_NP_FLAG,dr_kj,4,87
NP_FLAG,dr_mms,4,99
OPP_NP_FLAG,dr_mms,4,100
NP_FLAG,dr_pbx,4,109
OPP_NP_FLAG,dr_pbx,4,110
NP_FLAG,dr_sms,4,98
OPP_NP_FLAG,dr_sms,4,99
NP_FLAG,dr_cbs,4,106
OPP_NP_FLAG,dr_cbs,4,107
NP_FLAG,dr_wap,4,82
OPP_NP_FLAG ,dr_wap,4,83
NP_FLAG,dr_wlan,4,90
OPP_NP_FLAG ,dr_wlan,4,91
NP_FLAG,dr_ext,4,63
NP_FLAG,dr_addvalue,4,118
OPP_NP_FLAG ,dr_addvalue,4,119
DO_CLONE,dr_ggprs,1,146
A_NAME,dr_gis,4,36
A_VASP_ID,dr_gis,4,37
A_PROV_ID,dr_gis,4,38
A_NAME,dr_wlwz,4,36
A_VASP_ID,dr_wlwz,4,37
A_PROV_ID,dr_wlwz,4,38
A_NAME,dr_lbmp,4,36
A_VASP_ID,dr_lbmp,4,37
A_PROV_ID,dr_lbmp,4,38
A_NAME,dr_zfaq,4,29
A_VASP_ID,dr_zfaq,4,30
A_PROV_ID,dr_zfaq,4,31
A_ORDER_ID,dr_wzjy,4,38
A_NAME,dr_wzjy,4,39
A_VASP_ID,dr_wzjy,4,40
A_PROV_ID,dr_wzjy,4,41
BEGIN_TIME3,dr_ggprs,5,149
SERVICE_KEY,dr_ismg,4,76
SERVICE_KEY,dr_kj,4,55
SERVICE_KEY,dr_mms,4,90
SERVICE_KEY,dr_pbx,4,75
SERVICE_KEY,dr_sms,4,53
SERVICE_KEY,dr_wap,4,53
SERVICE_KEY,dr_wlan,4,74
SERVICE_PACKET_CODE,dr_cbs,4,84
SERVICE_TYPE,dr_addvalue,4,77
SERVICE_TYPE,dr_cbs,4,28
SERVICE_TYPE,dr_ggprs,4,68
SERVICE_TYPE,dr_gsm,4,73
SERVICE_TYPE,dr_hu,4,7
SERVICE_TYPE,dr_ip,4,49
SERVICE_TYPE,dr_pbx,4,73
SERVICE_TYPE,dr_wap,4,44
SERVICE_USAGE,dr_ggprs,4,72
SER_CODE,dr_mms,4,55
SESSION_ID,dr_in_gprs,4,6
SESSION_ID,dr_in_gprs_old,4,6
SESSION_ID,dr_scp,4,16
SESSION_ID,dr_scp_old,4,16
SET_TIME,dr_mms,5,58
SGSN_ADDRESS,dr_ggprs,4,44
SGSN_ADDRESS,dr_gprs,4,42
SGSN_ADDRESS,dr_in_gprs,4,17
SGSN_ADDRESS,dr_in_gprs_old,4,17
SGSN_CHANGE,dr_ggprs,4,45
SGSN_CHANGE,dr_gprs,4,43
SGSN_ID,dr_ggprs,4,67
SGSN_PLMN,dr_ggprs,4,60
SGSN_PLMN,dr_gprs,4,134
SGSN_PLMN,dr_in_gprs,4,52
SGSN_PLMN,dr_in_gprs_old,4,52
SMSC_ID,dr_ismg,4,54
SMS_CENTER_NUMBER,dr_scp,4,21
SMS_CENTER_NUMBER,dr_scp_old,4,21
SMS_CENTER_NUMBER,dr_sms,4,47
SMS_ID,dr_scp,4,22
SMS_ID,dr_scp_old,4,22
SMS_ID,dr_sms,4,54
SMS_TYPE,dr_sms,4,60
SOCKET_SERVER_POINT,dr_in_gprs,2,68
SOCKET_SERVER_TYPE,dr_in_gprs,2,69
SOCK_FD,dr_in_gprs,1,67
SOURCE_TYPE,dr_hu,4,4
SOURCE_TYPE,dr_ismg,4,44
SP_CODE,dr_addvalue,4,71
SP_CODE,dr_cbs,4,61
SP_CODE,dr_ismg,4,45
SP_CODE,dr_kj,4,43
SP_CODE,dr_mms,4,54
SP_CODE,dr_sms,4,78
SP_CODE,dr_wap,4,38
SP_CODE,dr_wlan,4,52
SP_RELA_TYPE,dr_addvalue,4,28
SRC_TYPE,dr_kj,4,41
SSR,dr_sms,4,56
START_TIME,dr_addvalue,5,21
START_TIME,dr_cbs,5,18
START_TIME,dr_domestic,5,2
START_TIME,dr_ext,5,19
START_TIME,dr_ggprs,5,23
START_TIME,dr_gprs,5,22
START_TIME,dr_gsm,5,20
START_TIME,dr_hu,5,8
START_TIME,dr_in_gprs,5,4
START_TIME,dr_in_gprs_old,5,4
START_TIME,dr_ip,5,20
START_TIME,dr_ismg,5,21
START_TIME,dr_kj,5,36
START_TIME,dr_mms,5,21
START_TIME,dr_pbx,5,20
START_TIME,dr_scp,5,7
START_TIME,dr_scp_old,5,7
START_TIME,dr_sms,5,20
START_TIME,dr_vc,5,5
START_TIME,dr_wap,5,20
START_TIME,dr_wlan,5,20
STAT_TYPE1,dr_mms,4,67
STAT_TYPE2,dr_mms,4,68
STD_BASIC_CHARGE,dr_addvalue,4,55
STD_BASIC_CHARGE,dr_cbs,4,55
STD_BASIC_CHARGE,dr_ext,4,38
STD_BASIC_CHARGE,dr_ggprs,4,114
STD_BASIC_CHARGE,dr_gprs,4,109
STD_BASIC_CHARGE,dr_gsm,4,54
STD_BASIC_CHARGE,dr_ip,4,60
STD_BASIC_CHARGE,dr_ismg,4,58
STD_BASIC_CHARGE,dr_kj,4,61
STD_BASIC_CHARGE,dr_mms,4,75
STD_BASIC_CHARGE,dr_pbx,4,54
STD_BASIC_CHARGE,dr_sms,4,71
STD_BASIC_CHARGE,dr_wap,4,57
STD_BASIC_CHARGE,dr_wlan,4,57
STD_ERR_CODE,dr_addvalue,4,106
STD_ERR_CODE,dr_cbs,4,95
STD_ERR_CODE,dr_domestic,1,8
STD_ERR_CODE,dr_ggprs,4,128
STD_ERR_CODE,dr_gprs,4,125
STD_ERR_CODE,dr_gsm,4,102
STD_ERR_CODE,dr_ip,4,74
STD_ERR_CODE,dr_ismg,4,73
STD_ERR_CODE,dr_kj,4,75
STD_ERR_CODE,dr_mms,4,87
STD_ERR_CODE,dr_pbx,4,102
STD_ERR_CODE,dr_sms,4,86
STD_ERR_CODE,dr_wap,4,71
STD_ERR_CODE,dr_wlan,4,71
STD_OTHER_CHARGE,dr_addvalue,4,57
STD_OTHER_CHARGE,dr_cbs,4,57
STD_OTHER_CHARGE,dr_ext,4,40
STD_OTHER_CHARGE,dr_ggprs,4,116
STD_OTHER_CHARGE,dr_gprs,4,111
STD_OTHER_CHARGE,dr_gsm,4,56
STD_OTHER_CHARGE,dr_ip,4,62
STD_OTHER_CHARGE,dr_ismg,4,60
STD_OTHER_CHARGE,dr_kj,4,63
STD_OTHER_CHARGE,dr_mms,4,77
STD_OTHER_CHARGE,dr_pbx,4,56
STD_OTHER_CHARGE,dr_sms,4,73
STD_OTHER_CHARGE,dr_wap,4,59
STD_OTHER_CHARGE,dr_wlan,4,59
STD_TOLL_CHARGE,dr_addvalue,4,56
STD_TOLL_CHARGE,dr_cbs,4,56
STD_TOLL_CHARGE,dr_ext,4,39
STD_TOLL_CHARGE,dr_ggprs,4,115
STD_TOLL_CHARGE,dr_gprs,4,110
STD_TOLL_CHARGE,dr_gsm,4,55
STD_TOLL_CHARGE,dr_ip,4,61
STD_TOLL_CHARGE,dr_ismg,4,59
STD_TOLL_CHARGE,dr_kj,4,62
STD_TOLL_CHARGE,dr_mms,4,76
STD_TOLL_CHARGE,dr_pbx,4,55
STD_TOLL_CHARGE,dr_sms,4,72
STD_TOLL_CHARGE,dr_wap,4,58
STD_TOLL_CHARGE,dr_wlan,4,58
STD_UNIT,dr_addvalue,4,50
STD_UNIT,dr_wlan,4,38
STD_unit,dr_gsm,4,49
STD_unit,dr_pbx,4,49
STOP_CAUSE,dr_addvalue,4,80
STOP_CAUSE,dr_cbs,4,93
STOP_CAUSE,dr_gsm,4,76
STOP_CAUSE,dr_pbx,4,76
STOP_CAUSE,dr_wlan,4,53
STOP_TIME,dr_cbs,5,19
STOP_TIME,dr_ismg,5,22
STOP_TIME,dr_kj,5,37
STOP_TIME,dr_sms,5,37
STOP_TIME,dr_wap,5,39
STOP_TIME,dr_wlan,5,41
STORE_TIME,dr_mms,4,48
STREAM_SERVER_CODE,dr_cbs,4,86
SYSTEM_TYPE,dr_ggprs,4,65
TARIFF1,dr_ggprs,4,78
TARIFF2,dr_ggprs,4,94
TARIFF_CHANGE_TIME,dr_in_gprs,4,23
TARIFF_CHANGE_TIME,dr_in_gprs_old,4,23
TARIFF_SEQ_ID1,dr_ggprs,2,79
TARIFF_SEQ_ID1,dr_gprs,4,61
TARIFF_SEQ_ID2,dr_ggprs,4,95
TARIFF_SEQ_ID2,dr_gprs,4,76
TARIFF_SEQ_ID3,dr_gprs,4,91
TERMINAL_TYPE,dr_wlan,4,81
TERM_TYPE,dr_cbs,4,90
TIMEOUT_FLAG,dr_in_gprs,2,57
TIMEOUT_FLAG,dr_in_gprs_old,2,57
TOLL_STD_UNIT,dr_addvalue,4,51
TOLL_STD_UNIT,dr_wlan,4,39
TOLL_STD_unit,dr_gsm,4,50
TOLL_STD_unit,dr_pbx,4,50
TOLL_TYPE,dr_addvalue,4,67
TOLL_TYPE,dr_gsm,4,66
TOLL_TYPE,dr_ip,4,56
TOLL_TYPE,dr_pbx,4,66
TOLL_TYPE2,dr_addvalue,4,68
TOLL_TYPE2,dr_gsm,4,67
TOLL_TYPE2,dr_pbx,4,67
TQT,dr_in_gprs,2,60
TQT,dr_in_gprs_old,2,60
TRADEMARK,dr_addvalue,4,1
TRADEMARK,dr_cbs,4,1
TRADEMARK,dr_ext,4,1
TRADEMARK,dr_ggprs,4,1
TRADEMARK,dr_gprs,4,1
TRADEMARK,dr_gsm,4,1
TRADEMARK,dr_ip,4,1
TRADEMARK,dr_ismg,4,1
TRADEMARK,dr_kj,4,1
TRADEMARK,dr_mms,4,1
TRADEMARK,dr_pbx,4,1
TRADEMARK,dr_sms,4,1
TRADEMARK,dr_vc,4,1
TRADEMARK,dr_wap,4,1
TRADEMARK,dr_wlan,4,1
TRADE_STATE,dr_vc,4,10
TRADE_TYPE,dr_vc,4,8
TRANSMIT_DN,dr_mms,4,41
TRANSMIT_TYPE,dr_mms,4,45
UPVOLUME,dr_gprs,4,57
UP_VOLUME,dr_ggprs,4,74
UP_VOLUME,dr_wlan,4,43
UP_VOLUME1,dr_cbs,4,22
UP_VOLUME2,dr_cbs,4,23
URI,dr_ggprs,4,76
URL_INFO,dr_cbs,4,67
USER_BILL_DAY,dr_addvalue,1,110
USER_BILL_DAY,dr_cbs,1,99
USER_BILL_DAY,dr_ext,1,54
USER_BILL_DAY,dr_ggprs,1,137
USER_BILL_DAY,dr_gprs,1,131
USER_BILL_DAY,dr_gsm,1,106
USER_BILL_DAY,dr_hu,1,19
USER_BILL_DAY,dr_ip,1,78
