"XDR_FIELD_NAME","XDR_DR_TYPE","XDR_FIELD_TYPE","XDR_DEFAULT_VALUE","XDR_FIELD_FORMAT","XDR_FIELD_INDEX"
TRADEMARK,dr_addvalue,4,,,1
SERVICE_ID,dr_addvalue,4,,,2
DR_TYPE,dr_addvalue,4,,,3
BILL_MONTH,dr_addvalue,4,,,4
VALID_RATE_PROD_ID,dr_addvalue,4,,,5
RATE_PROD_ID,dr_addvalue,4,,,6
PRODUCT_ID,dr_addvalue,4,,,7
PROMOTION_PRODS,dr_addvalue,4,,,8
PLAN_ID,dr_addvalue,4,,,9
OPP_RATE_PROD_ID,dr_addvalue,4,,,10
CUST_ID,dr_addvalue,4,,,11
ACC_ID,dr_addvalue,4,,,12
USER_ID,dr_addvalue,4,,,13
IMSI,dr_addvalue,4,,,14
USER_NUMBER,dr_addvalue,4,,,15
BILL_INDICATE,dr_addvalue,4,,,16
OPP_NUMBER,dr_addvalue,4,,,17
OPP_USER_NUMBER,dr_addvalue,4,,,18
OPP_PLAN_ID,dr_addvalue,4,,,19
A_NUMBER,dr_addvalue,4,,,20
START_TIME,dr_addvalue,5,,,21
DURATION,dr_addvalue,4,,,22
RATING_RES,dr_addvalue,4,,,23
CALL_TYPE,dr_addvalue,4,,,24
ROAM_TYPE,dr_addvalue,4,,,25
OPP_ACCESS_TYPE,dr_addvalue,4,,,26
OPP_NUMBER_TYPE,dr_addvalue,4,,,27
SP_RELA_TYPE,dr_addvalue,4,,,28
HPLMN1,dr_addvalue,4,,,29
HPLMN2,dr_addvalue,4,,,30
HPLMN3,dr_addvalue,4,,,31
VPLMN1,dr_addvalue,4,,,32
VPLMN2,dr_addvalue,4,,,33
VPLMN3,dr_addvalue,4,,,34
RATING_FLAG,dr_addvalue,4,,,35
ITEM_CODE1,dr_addvalue,4,,,36
CHARGE1,dr_addvalue,4,,,37
CHARGE1_DISC,dr_addvalue,4,,,38
ITEM_CODE2,dr_addvalue,4,,,39
CHARGE2,dr_addvalue,4,,,40
CHARGE2_DISC,dr_addvalue,4,,,41
ITEM_CODE3,dr_addvalue,4,,,42
CHARGE3,dr_addvalue,4,,,43
CHARGE3_DISC,dr_addvalue,4,,,44
ITEM_CODE4,dr_addvalue,4,,,45
CHARGE4,dr_addvalue,4,,,46
CHARGE4_DISC,dr_addvalue,4,,,47
FREE_RES_VAL,dr_addvalue,4,,,48
ADDUP_RES_VAL,dr_addvalue,4,,,49
STD_UNIT,dr_addvalue,4,,,50
TOLL_STD_UNIT,dr_addvalue,4,,,51
ORI_BASIC_CHARGE,dr_addvalue,4,,,52
ORI_TOLL_CHARGE,dr_addvalue,4,,,53
ORI_OTHER_CHARGE,dr_addvalue,4,,,54
STD_BASIC_CHARGE,dr_addvalue,4,,,55
STD_TOLL_CHARGE,dr_addvalue,4,,,56
STD_OTHER_CHARGE,dr_addvalue,4,,,57
ADDUP_RES,dr_addvalue,4,,,58
OPP_CONDITION_ID,dr_addvalue,4,,,59
CONDITION_ID,dr_addvalue,4,,,60
NETCALL_FLAG,dr_addvalue,4,,,61
ESN,dr_addvalue,4,,,62
SEQUENCE_NO,dr_addvalue,4,,,63
MODIFICATION_IND,dr_addvalue,4,,,64
OPP_ROAM_AREACODE,dr_addvalue,4,,,65
OPP_HOME_AREACODE,dr_addvalue,4,,,66
TOLL_TYPE,dr_addvalue,4,,,67
TOLL_TYPE2,dr_addvalue,4,,,68
MSRN,dr_addvalue,4,,,69
MSC_ID,dr_addvalue,4,,,70
SP_CODE,dr_addvalue,4,,,71
OPERATOR_CODE,dr_addvalue,4,,,72
BILL_FLAG,dr_addvalue,4,,,73
SCP_ID,dr_addvalue,4,,,74
LAC_ID,dr_addvalue,4,,,75
CELL_ID,dr_addvalue,4,,,76
SERVICE_TYPE,dr_addvalue,4,,,77
SERVICE_CODE,dr_addvalue,4,,,78
SERVICE_KEY,dr_addvalue,4,,,79
STOP_CAUSE,dr_addvalue,4,,,80
IN_TRUNKID,dr_addvalue,4,,,81
OUT_TRUNKID,dr_addvalue,4,,,82
GROUP_ID,dr_addvalue,4,,,83
MOC_ID,dr_addvalue,4,,,84
MTC_ID,dr_addvalue,4,,,85
OTHER_INFO1,dr_addvalue,4,,,86
OTHER_INFO2,dr_addvalue,4,,,87
OTHER_INFO3,dr_addvalue,4,,,88
OTHER_INFO4,dr_addvalue,4,,,89
OTHER_INFO5,dr_addvalue,4,,,90
PROCESS_TIME,dr_addvalue,5,,,91
BACKUP_DATE,dr_addvalue,4,,,92
ORIGINAL_FILE,dr_addvalue,4,,,93
USER_TYPE,dr_addvalue,4,,,94
COLLECTION_ITEM,dr_addvalue,4,,,95
REDO_FLAG,dr_addvalue,4,,,96
RESERVE1,dr_addvalue,4,,,97
RESERVE2,dr_addvalue,4,,,98
RESERVE3,dr_addvalue,4,,,99
RESERVE4,dr_addvalue,4,,,100
VIDEO_TYPE,dr_addvalue,4,,,101
MNS_TYPE,dr_addvalue,4,,,102
USER_PROPERTY,dr_addvalue,4,,,103
OPP_PROPERTY,dr_addvalue,4,,,104
MONITOR_CDR,dr_addvalue,4,,,105
STD_ERR_CODE,dr_addvalue,4,,,106
CREATE_DATE,dr_addvalue,5,,,107
ALL_PROMOTION_PRODS,dr_addvalue,4,,,108
USER_PROP_INFO,dr_addvalue,4,,,109
USER_BILL_DAY,dr_addvalue,1,,,110
CDR_QUERY_FLAG,dr_addvalue,1,,,111
USER_GROUP_INFO,dr_addvalue,4,,,112
CALL_REFNUM,dr_addvalue,4,,,113
PARTIAL_ID,dr_addvalue,4,,,114
FIRSTCDR_START_TIME,dr_addvalue,5,,,115
ADDUP_FLAG,dr_addvalue,4,,,116
INPUT_TAB_NAME,dr_addvalue,4,,,117
NP_FLAG,dr_addvalue,4,,,118
LATE_LINK,dr_addvalue,4,,,119
INPUT_TIME,dr_addvalue,5,,,120
ROW_ID,dr_addvalue,4,,,121
TRADEMARK,dr_cbs,4,,,1
SERVICE_ID,dr_cbs,4,,,2
DR_TYPE,dr_cbs,4,,,3
BILL_MONTH,dr_cbs,4,,,4
VALID_RATE_PROD_ID,dr_cbs,4,,,5
RATE_PROD_ID,dr_cbs,4,,,6
PRODUCT_ID,dr_cbs,4,,,7
PROMOTION_PRODS,dr_cbs,4,,,8
PLAN_ID,dr_cbs,4,,,9
CUST_ID,dr_cbs,4,,,10
ACC_ID,dr_cbs,4,,,11
USER_ID,dr_cbs,4,,,12
IMSI,dr_cbs,4,,,13
USER_NUMBER,dr_cbs,4,,,14
IMEI,dr_cbs,4,,,15
BILL_INDICATE,dr_cbs,4,,,16
OPP_NUMBER,dr_cbs,4,,,17
START_TIME,dr_cbs,5,,,18
STOP_TIME,dr_cbs,5,,,19
DURATION,dr_cbs,4,,,20
VOLUME,dr_cbs,4,,,21
UP_VOLUME1,dr_cbs,4,,,22
UP_VOLUME2,dr_cbs,4,,,23
DN_VOLUME1,dr_cbs,4,,,24
DN_VOLUME2,dr_cbs,4,,,25
RATING_RES,dr_cbs,4,,,26
ROAM_TYPE,dr_cbs,4,,,27
SERVICE_TYPE,dr_cbs,4,,,28
APP_TYPE,dr_cbs,4,,,29
APNNI_CODE,dr_cbs,4,,,30
HPLMN1,dr_cbs,4,,,31
HPLMN2,dr_cbs,4,,,32
HPLMN3,dr_cbs,4,,,33
VPLMN1,dr_cbs,4,,,34
VPLMN2,dr_cbs,4,,,35
VPLMN3,dr_cbs,4,,,36
RATING_FLAG,dr_cbs,4,,,37
ITEM_CODE1,dr_cbs,4,,,38
CHARGE1,dr_cbs,4,,,39
CHARGE1_DISC,dr_cbs,4,,,40
ITEM_CODE2,dr_cbs,4,,,41
CHARGE2,dr_cbs,4,,,42
CHARGE2_DISC,dr_cbs,4,,,43
ITEM_CODE3,dr_cbs,4,,,44
CHARGE3,dr_cbs,4,,,45
CHARGE3_DISC,dr_cbs,4,,,46
ITEM_CODE4,dr_cbs,4,,,47
CHARGE4,dr_cbs,4,,,48
CHARGE4_DISC,dr_cbs,4,,,49
FREE_RES_VAL,dr_cbs,4,,,50
ADDUP_RES_VAL,dr_cbs,4,,,51
ORI_BASIC_CHARGE,dr_cbs,4,,,52
ORI_TOLL_CHARGE,dr_cbs,4,,,53
ORI_OTHER_CHARGE,dr_cbs,4,,,54
STD_BASIC_CHARGE,dr_cbs,4,,,55
STD_TOLL_CHARGE,dr_cbs,4,,,56
STD_OTHER_CHARGE,dr_cbs,4,,,57
ADDUP_RES,dr_cbs,4,,,58
CONDITION_ID,dr_cbs,4,,,59
SEQUENCE_NO,dr_cbs,4,,,60
SP_CODE,dr_cbs,4,,,61
OPERATOR_CODE,dr_cbs,4,,,62
CENTER_ID,dr_cbs,4,,,63
LAC_ID,dr_cbs,4,,,64
CELL_ID,dr_cbs,4,,,65
CHARGE_TYPE,dr_cbs,4,,,66
URL_INFO,dr_cbs,4,,,67
IP_ADDRESS,dr_cbs,4,,,68
OPP_IP_ADDRESS,dr_cbs,4,,,69
PORT,dr_cbs,4,,,70
OPP_PORT,dr_cbs,4,,,71
PROTOCAL_TYPE,dr_cbs,4,,,72
REDO_FLAG,dr_cbs,4,,,73
RESERVE1,dr_cbs,4,,,74
RESERVE2,dr_cbs,4,,,75
RESERVE3,dr_cbs,4,,,76
RESERVE4,dr_cbs,4,,,77
USER_PROPERTY,dr_cbs,4,,,78
PROCESS_TIME,dr_cbs,5,,,79
BACKUP_DATE,dr_cbs,5,,,80
ORIGINAL_FILE,dr_cbs,4,,,81
USER_TYPE,dr_cbs,4,,,82
CP_CODE,dr_cbs,4,,,83
SERVICE_PACKET_CODE,dr_cbs,4,,,84
CONTENT_CODE,dr_cbs,4,,,85
STREAM_SERVER_CODE,dr_cbs,4,,,86
DELV_SERVER_CODE,dr_cbs,4,,,87
SERVER_PROV,dr_cbs,4,,,88
CONTENT_SIZE,dr_cbs,4,,,89
TERM_TYPE,dr_cbs,4,,,90
VIDEO_CODE_TYPE,dr_cbs,4,,,91
AUDIO_CODE_TYPE,dr_cbs,4,,,92
STOP_CAUSE,dr_cbs,4,,,93
MONITOR_CDR,dr_cbs,4,,,94
STD_ERR_CODE,dr_cbs,4,,,95
CREATE_DATE,dr_cbs,5,,,96
ALL_PROMOTION_PRODS,dr_cbs,4,,,97
USER_PROP_INFO,dr_cbs,4,,,98
USER_BILL_DAY,dr_cbs,1,,,99
CDR_QUERY_FLAG,dr_cbs,1,,,100
USER_GROUP_INFO,dr_cbs,4,,,101
MCAS_FLAG,dr_cbs,1,,,102
MCAS_BACKUP_DATE,dr_cbs,4,,,103
RECLAIM_FLAG,dr_cbs,1,,,104
CDR_DEAL_FLAG,dr_cbs,1,,,105
NP_FLAG,dr_cbs,4,,,106
OPP_NP_FLAG,dr_cbs,4,,,107
LATE_LINK,dr_cbs,4,,,108
INPUT_TIME,dr_cbs,5,,,109
ROW_ID,dr_cbs,4,,,110
USER_NUMBER,dr_domestic,4,,,1
START_TIME,dr_domestic,5,,,2
PRODUCT_ID,dr_domestic,4,,,3
SERVICE_CODE,dr_domestic,4,,,4
DATA_VOLUMN,dr_domestic,1,,,5
NET_FLAG,dr_domestic,1,,,6
RECORD_TYPE,dr_domestic,1,,,7
STD_ERR_CODE,dr_domestic,1,,,8
LATE_LINK,dr_domestic,1,,,9
INPUT_TIME,dr_domestic,5,,,10
ROW_ID,dr_domestic,4,,,11
TRADEMARK,dr_ext,4,,,1
DR_TYPE,dr_ext,4,,,2
SERVICE_ID,dr_ext,4,,,3
BILL_MONTH,dr_ext,4,,,4
RATE_PROD_ID,dr_ext,4,,,5
PRODUCT_ID,dr_ext,4,,,6
PROMOTION_PRODS,dr_ext,4,,,7
PLAN_ID,dr_ext,4,,,8
CUST_ID,dr_ext,4,,,9
ACC_ID,dr_ext,4,,,10
USER_ID,dr_ext,4,,,11
IMSI,dr_ext,4,,,12
USER_NUMBER,dr_ext,4,,,13
HPLMN1,dr_ext,4,,,14
HPLMN2,dr_ext,4,,,15
HPLMN3,dr_ext,4,,,16
VPLMN1,dr_ext,4,,,17
VPLMN2,dr_ext,4,,,18
START_TIME,dr_ext,5,,,19
DURATION,dr_ext,4,,,20
RATING_RES,dr_ext,4,,,21
ITEM_CODE1,dr_ext,4,,,22
CHARGE1,dr_ext,4,,,23
CHARGE1_DISC,dr_ext,4,,,24
ITEM_CODE2,dr_ext,4,,,25
CHARGE2,dr_ext,4,,,26
CHARGE2_DISC,dr_ext,4,,,27
ITEM_CODE3,dr_ext,4,,,28
CHARGE3,dr_ext,4,,,29
CHARGE3_DISC,dr_ext,4,,,30
ITEM_CODE4,dr_ext,4,,,31
CHARGE4,dr_ext,4,,,32
CHARGE4_DISC,dr_ext,4,,,33
USER_TYPE,dr_ext,4,,,34
ORI_BASIC_CHARGE,dr_ext,4,,,35
ORI_TOLL_CHARGE,dr_ext,4,,,36
ORI_OTHER_CHARGE,dr_ext,4,,,37
STD_BASIC_CHARGE,dr_ext,4,,,38
STD_TOLL_CHARGE,dr_ext,4,,,39
STD_OTHER_CHARGE,dr_ext,4,,,40
REDO_FLAG,dr_ext,4,,,41
ORIGINAL_FILE,dr_ext,4,,,42
PROCESS_TIME,dr_ext,5,,,43
BACKUP_DATE,dr_ext,4,,,44
SEQUENCE_NO,dr_ext,4,,,45
RESERVE1,dr_ext,4,,,46
RESERVE2,dr_ext,4,,,47
RESERVE3,dr_ext,4,,,48
RESERVE4,dr_ext,4,,,49
USER_PROPERTY,dr_ext,4,,,50
CREATE_DATE,dr_ext,5,,,51
ALL_PROMOTION_PRODS,dr_ext,4,,,52
USER_PROP_INFO,dr_ext,4,,,53
USER_BILL_DAY,dr_ext,1,,,54
CDR_QUERY_FLAG,dr_ext,1,,,55
USER_GROUP_INFO,dr_ext,4,,,56
ACC_PROD_ID,dr_ext,1,,,57
PAY_REL_NUMBER,dr_ext,4,,,58
BEGIN_DATE,dr_ext,5,,,59
END_DATE,dr_ext,5,,,60
ACCT_CYCLE_BEGIN,dr_ext,5,,,61
ACCT_CYCLE_END,dr_ext,5,,,62
NP_FLAG,dr_ext,4,,,63
LATE_LINK,dr_ext,4,,,64
INPUT_TIME,dr_ext,5,,,65
ROW_ID,dr_ext,4,,,66
TRADEMARK,dr_ggprs,4,,,1
DR_TYPE,dr_ggprs,4,,,2
SERVICE_ID,dr_ggprs,4,,,3
BILL_MONTH,dr_ggprs,4,,,4
VALID_RATE_PROD_ID,dr_ggprs,4,,,5
RATE_PROD_ID,dr_ggprs,4,,,6
PRODUCT_ID,dr_ggprs,4,,,7
PROMOTION_PRODS,dr_ggprs,4,,,8
PLAN_ID,dr_ggprs,4,,,9
CUST_ID,dr_ggprs,4,,,10
ACC_ID,dr_ggprs,4,,,11
USER_ID,dr_ggprs,4,,,12
CONDITION_ID,dr_ggprs,4,,,13
IMSI,dr_ggprs,4,,,14
USER_NUMBER,dr_ggprs,4,,,15
IMEI,dr_ggprs,4,,,16
HPLMN1,dr_ggprs,4,,,17
HPLMN2,dr_ggprs,4,,,18
HPLMN3,dr_ggprs,4,,,19
VPLMN1,dr_ggprs,4,,,20
VPLMN2,dr_ggprs,4,,,21
ROAM_NET_TYPE,dr_ggprs,4,,,22
START_TIME,dr_ggprs,5,,,23
DURATION,dr_ggprs,4,,,24
RATING_RES,dr_ggprs,4,,,25
RATING_FLAG,dr_ggprs,4,,,26
CDR_FLAG,dr_ggprs,4,,,27
ITEM_CODE1,dr_ggprs,4,,,28
CHARGE1,dr_ggprs,4,,,29
CHARGE1_DISC,dr_ggprs,4,,,30
ITEM_CODE2,dr_ggprs,4,,,31
CHARGE2,dr_ggprs,4,,,32
CHARGE2_DISC,dr_ggprs,4,,,33
ITEM_CODE3,dr_ggprs,4,,,34
CHARGE3,dr_ggprs,4,,,35
CHARGE3_DISC,dr_ggprs,4,,,36
ITEM_CODE4,dr_ggprs,4,,,37
CHARGE4,dr_ggprs,4,,,38
CHARGE4_DISC,dr_ggprs,4,,,39
FREE_RES_VAL,dr_ggprs,4,,,40
ADDUP_RES_VAL,dr_ggprs,4,,,41
RECORD_TYPE,dr_ggprs,4,,,42
CALLER_INDICATE,dr_ggprs,4,,,43
SGSN_ADDRESS,dr_ggprs,4,,,44
SGSN_CHANGE,dr_ggprs,4,,,45
MSNC,dr_ggprs,4,,,46
LAC_ID,dr_ggprs,4,,,47
CELL_ID,dr_ggprs,4,,,48
RAC,dr_ggprs,4,,,49
CHARGING_ID,dr_ggprs,4,,,50
GGSN_ADDRESS,dr_ggprs,4,,,51
APN_NI,dr_ggprs,4,,,52
APN_OI,dr_ggprs,4,,,53
PDP_TYPE,dr_ggprs,4,,,54
PDP_ADDRESS,dr_ggprs,4,,,55
CAUSE_CLOSE,dr_ggprs,4,,,56
COMBINE_RESULT,dr_ggprs,4,,,57
CHARGING_CHARACTERISTICS,dr_ggprs,4,,,58
CC_SELECTION_MODE,dr_ggprs,4,,,59
SGSN_PLMN,dr_ggprs,4,,,60
PARTIAL_TYPE_INDICATOR,dr_ggprs,4,,,61
DEAL_DATETIME,dr_ggprs,5,,,62
REC_SEQ_NO,dr_ggprs,4,,,63
LOCAL_REC_SEQ_NO,dr_ggprs,4,,,64
SYSTEM_TYPE,dr_ggprs,4,,,65
GGSN_ID,dr_ggprs,4,,,66
SGSN_ID,dr_ggprs,4,,,67
SERVICE_TYPE,dr_ggprs,4,,,68
ROAM_TYPE,dr_ggprs,4,,,69
USER_TYPE,dr_ggprs,4,,,70
BILL_FLAG,dr_ggprs,4,,,71
SERVICE_USAGE,dr_ggprs,4,,,72
SERVICE_CODE,dr_ggprs,4,,,73
UP_VOLUME,dr_ggprs,4,,,74
DOWN_VOLUME,dr_ggprs,4,,,75
URI,dr_ggprs,4,,,76
PARTIAL_NUM,dr_ggprs,4,,,77
TARIFF1,dr_ggprs,4,,,78
TARIFF_SEQ_ID1,dr_ggprs,2,,,79
QOS_REQ_RELIABILITY1,dr_ggprs,4,,,80
QOS_REQ_DELAY1,dr_ggprs,4,,,81
QOS_REQ_PRECEDENCE1,dr_ggprs,4,,,82
QOS_REQ_PEAK1,dr_ggprs,4,,,83
QOS_REQ_MEAN1,dr_ggprs,4,,,84
QOS_NEG_RELIABILITY1,dr_ggprs,4,,,85
QOS_NEG_DELAY1,dr_ggprs,4,,,86
QOS_NEG_PRECEDENCE1,dr_ggprs,4,,,87
QOS_NEG_PEAK1,dr_ggprs,4,,,88
QOS_NEG_MEAN1,dr_ggprs,4,,,89
DATA_FLOW_UP1,dr_ggprs,4,,,90
DATA_FLOW_DOWN1,dr_ggprs,4,,,91
BEGIN_TIME1,dr_ggprs,5,,,92
DURATION1,dr_ggprs,4,,,93
TARIFF2,dr_ggprs,4,,,94
TARIFF_SEQ_ID2,dr_ggprs,4,,,95
QOS_REQ_RELIABILITY2,dr_ggprs,4,,,96
QOS_REQ_DELAY2,dr_ggprs,4,,,97
QOS_REQ_PRECEDENCE2,dr_ggprs,4,,,98
QOS_REQ_PEAK2,dr_ggprs,4,,,99
QOS_REQ_MEAN2,dr_ggprs,4,,,100
QOS_NEG_RELIABILITY2,dr_ggprs,4,,,101
QOS_NEG_DELAY2,dr_ggprs,4,,,102
QOS_NEG_PRECEDENCE2,dr_ggprs,4,,,103
QOS_NEG_PEAK2,dr_ggprs,4,,,104
QOS_NEG_MEAN2,dr_ggprs,4,,,105
DATA_FLOW_UP2,dr_ggprs,4,,,106
DATA_FLOW_DOWN2,dr_ggprs,4,,,107
BEGIN_TIME2,dr_ggprs,5,,,108
DURATION2,dr_ggprs,4,,,109
ADDUP_RES,dr_ggprs,4,,,110
ORI_BASIC_CHARGE,dr_ggprs,4,,,111
ORI_TOLL_CHARGE,dr_ggprs,4,,,112
ORI_OTHER_CHARGE,dr_ggprs,4,,,113
STD_BASIC_CHARGE,dr_ggprs,4,,,114
STD_TOLL_CHARGE,dr_ggprs,4,,,115
STD_OTHER_CHARGE,dr_ggprs,4,,,116
REDO_FLAG,dr_ggprs,4,,,117
ORIGINAL_FILE,dr_ggprs,4,,,118
PROCESS_TIME,dr_ggprs,5,,,119
BACKUP_DATE,dr_ggprs,4,,,120
RESERVE1,dr_ggprs,4,,,121
RESERVE2,dr_ggprs,4,,,122
RESERVE3,dr_ggprs,4,,,123
RESERVE4,dr_ggprs,4,,,124
MNS_TYPE,dr_ggprs,4,,,125
USER_PROPERTY,dr_ggprs,4,,,126
MONITOR_CDR,dr_ggprs,4,,,127
STD_ERR_CODE,dr_ggprs,4,,,128
CDR_ADDCALC_DETAIL,dr_ggprs,4,,,129
BIND_NUMBER,dr_ggprs,4,,,130
ADDUP_INFO,dr_ggprs,4,,,131
ADDUP_DIS_INFO,dr_ggprs,4,,,132
XDRCLONED_CDR_NO,dr_ggprs,4,,,133
CREATE_DATE,dr_ggprs,5,,,134
ALL_PROMOTION_PRODS,dr_ggprs,4,,,135
USER_PROP_INFO,dr_ggprs,4,,,136
USER_BILL_DAY,dr_ggprs,1,,,137
CDR_QUERY_FLAG,dr_ggprs,1,,,138
USER_GROUP_INFO,dr_ggprs,4,,,139
FCI_TYPE,dr_ggprs,4,,,140
FREE_RES_UPGRADE,dr_ggprs,4,,,141
NOCLEAR_FLAG,dr_ggprs,1,,,142
MAIN_NOCLEAR_FLAG,dr_ggprs,1,,,143
NOCLEAR_GROUP_LIST,dr_ggprs,4,,,144
VOLUME_5G,dr_ggprs,4,,,145
DO_CLONE,dr_ggprs,1,,,146
NP_FLAG,dr_ggprs,4,,,147
OPP_NP_FLAG ,dr_ggprs,4,,,148
LATE_LINK,dr_ggprs,4,,,149
INPUT_TIME,dr_ggprs,5,,,150
ROW_ID,dr_ggprs,4,,,151
TRADEMARK,dr_gprs,4,,,1
DR_TYPE,dr_gprs,4,,,2
SERVICE_ID,dr_gprs,4,,,3
BILL_MONTH,dr_gprs,4,,,4
VALID_RATE_PROD_ID,dr_gprs,4,,,5
RATE_PROD_ID,dr_gprs,4,,,6
PRODUCT_ID,dr_gprs,4,,,7
PROMOTION_PRODS,dr_gprs,4,,,8
PLAN_ID,dr_gprs,4,,,9
CUST_ID,dr_gprs,4,,,10
ACC_ID,dr_gprs,4,,,11
USER_ID,dr_gprs,4,,,12
CONDITION_ID,dr_gprs,4,,,13
IMSI,dr_gprs,4,,,14
USER_NUMBER,dr_gprs,4,,,15
HPLMN1,dr_gprs,4,,,16
HPLMN2,dr_gprs,4,,,17
HPLMN3,dr_gprs,4,,,18
VPLMN1,dr_gprs,4,,,19
VPLMN2,dr_gprs,4,,,20
ROAM_NET_TYPE,dr_gprs,4,,,21
START_TIME,dr_gprs,5,,,22
DURATION,dr_gprs,4,,,23
RATING_RES,dr_gprs,4,,,24
RATING_FLAG,dr_gprs,4,,,25
ITEM_CODE1,dr_gprs,4,,,26
CHARGE1,dr_gprs,4,,,27
CHARGE1_DISC,dr_gprs,4,,,28
ITEM_CODE2,dr_gprs,4,,,29
CHARGE2,dr_gprs,4,,,30
CHARGE2_DISC,dr_gprs,4,,,31
ITEM_CODE3,dr_gprs,4,,,32
CHARGE3,dr_gprs,4,,,33
CHARGE3_DISC,dr_gprs,4,,,34
ITEM_CODE4,dr_gprs,4,,,35
CHARGE4,dr_gprs,4,,,36
CHARGE4_DISC,dr_gprs,4,,,37
FREE_RES_VAL,dr_gprs,4,,,38
ADDUP_RES_VAL,dr_gprs,4,,,39
RECORD_TYPE,dr_gprs,4,,,40
CALLER_INDICATE,dr_gprs,4,,,41
SGSN_ADDRESS,dr_gprs,4,,,42
SGSN_CHANGE,dr_gprs,4,,,43
MSNC,dr_gprs,4,,,44
LAC_ID,dr_gprs,4,,,45
CELL_ID,dr_gprs,4,,,46
RAC,dr_gprs,4,,,47
CHARGING_ID,dr_gprs,4,,,48
GGSN_ADDRESS,dr_gprs,4,,,49
APN_NI,dr_gprs,4,,,50
APN_OI,dr_gprs,4,,,51
PDP_TYPE,dr_gprs,4,,,52
PDP_ADDRESS,dr_gprs,4,,,53
CAUSE_CLOSE,dr_gprs,4,,,54
COMBINE_RESULT,dr_gprs,4,,,55
ROAM_TYPE,dr_gprs,4,,,56
UPVOLUME,dr_gprs,4,,,57
DOWNVOLUME,dr_gprs,4,,,58
PARTIAL_NUM,dr_gprs,4,,,59
ADDUP_RES,dr_gprs,4,,,60
TARIFF_SEQ_ID1,dr_gprs,4,,,61
QOS_REQ_RELIABILITY1,dr_gprs,4,,,62
QOS_REQ_DELAY1,dr_gprs,4,,,63
QOS_REQ_PRECEDENCE1,dr_gprs,4,,,64
QOS_REQ_PEAK1,dr_gprs,4,,,65
QOS_REQ_MEAN1,dr_gprs,4,,,66
QOS_NEG_RELIABILITY1,dr_gprs,4,,,67
QOS_NEG_DELAY1,dr_gprs,4,,,68
QOS_NEG_PRECEDENCE1,dr_gprs,4,,,69
QOS_NEG_PEAK1,dr_gprs,4,,,70
QOS_NEG_MEAN1,dr_gprs,4,,,71
DATA_FLOW_UP1,dr_gprs,4,,,72
DATA_FLOW_DOWN1,dr_gprs,4,,,73
BEGIN_TIME1,dr_gprs,5,,,74
DURATION1,dr_gprs,4,,,75
TARIFF_SEQ_ID2,dr_gprs,4,,,76
QOS_REQ_RELIABILITY2,dr_gprs,4,,,77
QOS_REQ_DELAY2,dr_gprs,4,,,78
QOS_REQ_PRECEDENCE2,dr_gprs,4,,,79
QOS_REQ_PEAK2,dr_gprs,4,,,80
QOS_REQ_MEAN2,dr_gprs,4,,,81
QOS_NEG_RELIABILITY2,dr_gprs,4,,,82
QOS_NEG_DELAY2,dr_gprs,4,,,83
QOS_NEG_PRECEDENCE2,dr_gprs,4,,,84
QOS_NEG_PEAK2,dr_gprs,4,,,85
QOS_NEG_MEAN2,dr_gprs,4,,,86
DATA_FLOW_UP2,dr_gprs,4,,,87
DATA_FLOW_DOWN2,dr_gprs,4,,,88
BEGIN_TIME2,dr_gprs,5,,,89
DURATION2,dr_gprs,4,,,90
TARIFF_SEQ_ID3,dr_gprs,4,,,91
QOS_REQ_RELIABILITY3,dr_gprs,4,,,92
QOS_REQ_DELAY3,dr_gprs,4,,,93
QOS_REQ_PRECEDENCE3,dr_gprs,4,,,94
QOS_REQ_PEAK3,dr_gprs,4,,,95
QOS_REQ_MEAN3,dr_gprs,4,,,96
QOS_NEG_RELIABILITY3,dr_gprs,4,,,97
QOS_NEG_DELAY3,dr_gprs,4,,,98
QOS_NEG_PRECEDENCE3,dr_gprs,4,,,99
QOS_NEG_PEAK3,dr_gprs,4,,,100
QOS_NEG_MEAN3,dr_gprs,4,,,101
DATA_FLOW_UP3,dr_gprs,4,,,102
DATA_FLOW_DOWN3,dr_gprs,4,,,103
BEGIN_TIME3,dr_gprs,5,,,104
DURATION3,dr_gprs,4,,,105
ORI_BASIC_CHARGE,dr_gprs,4,,,106
ORI_TOLL_CHARGE,dr_gprs,4,,,107
ORI_OTHER_CHARGE,dr_gprs,4,,,108
STD_BASIC_CHARGE,dr_gprs,4,,,109
STD_TOLL_CHARGE,dr_gprs,4,,,110
STD_OTHER_CHARGE,dr_gprs,4,,,111
PROCESS_TIME,dr_gprs,5,,,112
ORIGINAL_FILE,dr_gprs,4,,,113
BACKUP_DATE,dr_gprs,4,,,114
USER_TYPE,dr_gprs,4,,,115
COLLECTION_ITEM,dr_gprs,4,,,116
REDO_FLAG,dr_gprs,4,,,117
RESERVE1,dr_gprs,4,,,118
RESERVE2,dr_gprs,4,,,119
RESERVE3,dr_gprs,4,,,120
RESERVE4,dr_gprs,4,,,121
MNS_TYPE,dr_gprs,4,,,122
USER_PROPERTY,dr_gprs,4,,,123
MONITOR_CDR,dr_gprs,4,,,124
STD_ERR_CODE,dr_gprs,4,,,125
IMEI,dr_gprs,4,,,126
CREATE_DATE,dr_gprs,5,,,127
ALL_PROMOTION_PRODS,dr_gprs,4,,,128
SERVICE_KEY,dr_gprs,4,,,129
USER_PROP_INFO,dr_gprs,4,,,130
USER_BILL_DAY,dr_gprs,1,,,131
CDR_QUERY_FLAG,dr_gprs,1,,,132
USER_GROUP_INFO,dr_gprs,4,,,133
SGSN_PLMN,dr_gprs,4,,,134
CHARGING_CHARACTERISTICS,dr_gprs,4,,,135
REC_SEQ_NO,dr_gprs,4,,,136
GGSN_ID,dr_gprs,4,,,137
LOCAL_REC_SEQ_NO,dr_gprs,4,,,138
CC_SELECTION_MODE,dr_gprs,4,,,139
FCI_TYPE,dr_gprs,4,,,140
VOLUME_5G,dr_gprs,4,,,141
NP_FLAG,dr_gprs,4,,,142
OPP_NP_FLAG ,dr_gprs,4,,,143
LATE_LINK,dr_gprs,4,,,144
INPUT_TIME,dr_gprs,5,,,145
ROW_ID,dr_gprs,4,,,146
TRADEMARK,dr_gsm,4,,,1
SERVICE_ID,dr_gsm,4,,,2
DR_TYPE,dr_gsm,4,,,3
BILL_MONTH,dr_gsm,4,,,4
VALID_RATE_PROD_ID,dr_gsm,4,,,5
RATE_PROD_ID,dr_gsm,4,,,6
PRODUCT_ID,dr_gsm,4,,,7
PROMOTION_PRODS,dr_gsm,4,,,8
PLAN_ID,dr_gsm,4,,,9
OPP_RATE_PROD_ID,dr_gsm,4,,,10
CUST_ID,dr_gsm,4,,,11
ACC_ID,dr_gsm,4,,,12
USER_ID,dr_gsm,4,,,13
IMSI,dr_gsm,4,,,14
USER_NUMBER,dr_gsm,4,,,15
BILL_INDICATE,dr_gsm,4,,,16
OPP_NUMBER,dr_gsm,4,,,17
OPP_USER_NUMBER,dr_gsm,4,,,18
A_NUMBER,dr_gsm,4,,,19
START_TIME,dr_gsm,5,,,20
DURATION,dr_gsm,4,,,21
RATING_RES,dr_gsm,4,,,22
CALL_TYPE,dr_gsm,4,,,23
ROAM_TYPE,dr_gsm,4,,,24
OPP_ACCESS_TYPE,dr_gsm,4,,,25
OPP_NUMBER_TYPE,dr_gsm,4,,,26
sp_rela_TYPE,dr_gsm,4,,,27
HPLMN1,dr_gsm,4,,,28
HPLMN2,dr_gsm,4,,,29
HPLMN3,dr_gsm,4,,,30
VPLMN1,dr_gsm,4,,,31
VPLMN2,dr_gsm,4,,,32
ROAM_NET_TYPE,dr_gsm,4,,,33
RATING_FLAG,dr_gsm,4,,,34
ITem_code1,dr_gsm,4,,,35
CHARGE1,dr_gsm,4,,,36
CHARGE1_DISC,dr_gsm,4,,,37
ITem_code2,dr_gsm,4,,,38
CHARGE2,dr_gsm,4,,,39
CHARGE2_DISC,dr_gsm,4,,,40
ITem_code3,dr_gsm,4,,,41
CHARGE3,dr_gsm,4,,,42
CHARGE3_DISC,dr_gsm,4,,,43
ITem_code4,dr_gsm,4,,,44
CHARGE4,dr_gsm,4,,,45
CHARGE4_DISC,dr_gsm,4,,,46
FREE_RES_VAL,dr_gsm,4,,,47
ADDUP_RES_VAL,dr_gsm,4,,,48
STD_unit,dr_gsm,4,,,49
TOLL_STD_unit,dr_gsm,4,,,50
ori_basic_charge,dr_gsm,4,,,51
ori_toll_charge,dr_gsm,4,,,52
ORI_OTHER_CHARGE,dr_gsm,4,,,53
STD_BASIC_CHARGE,dr_gsm,4,,,54
STD_TOLL_CHARGE,dr_gsm,4,,,55
STD_OTHER_CHARGE,dr_gsm,4,,,56
ADDUP_RES,dr_gsm,4,,,57
OPP_CONDITION_ID,dr_gsm,4,,,58
CONDITION_ID,dr_gsm,4,,,59
NETCALL_FLAG,dr_gsm,4,,,60
ESN,dr_gsm,4,,,61
SEQUENCE_NO,dr_gsm,4,,,62
MODIFICATION_IND,dr_gsm,4,,,63
OPP_ROAM_AREACODE,dr_gsm,4,,,64
OPP_HOME_AREACODE,dr_gsm,4,,,65
TOLL_TYPE,dr_gsm,4,,,66
TOLL_TYPE2,dr_gsm,4,,,67
MSRN,dr_gsm,4,,,68
MSC_ID,dr_gsm,4,,,69
SCP_ID,dr_gsm,4,,,70
LAC_ID,dr_gsm,4,,,71
CELL_ID,dr_gsm,4,,,72
SERVICE_TYPE,dr_gsm,4,,,73
SERVICE_CODE,dr_gsm,4,,,74
SERVICE_KEY,dr_gsm,4,,,75
STOP_CAUSE,dr_gsm,4,,,76
IN_TRUNKID,dr_gsm,4,,,77
OUT_TRUNKID,dr_gsm,4,,,78
GROUP_ID,dr_gsm,4,,,79
MOC_ID,dr_gsm,4,,,80
MTC_ID,dr_gsm,4,,,81
PROCESS_TIME,dr_gsm,5,,,82
BACKUP_DATE,dr_gsm,4,,,83
ORIGINAL_FILE,dr_gsm,4,,,84
USER_TYPE,dr_gsm,4,,,85
VPLMN3,dr_gsm,4,,,86
OPP_PLAN_ID,dr_gsm,4,,,87
COLLECTION_ITEM,dr_gsm,4,,,88
OPP_NOACCESS_NUMBER,dr_gsm,4,,,89
REDO_FLAG,dr_gsm,4,,,90
RESERVE1,dr_gsm,4,,,91
RESERVE2,dr_gsm,4,,,92
RESERVE3,dr_gsm,4,,,93
RESERVE4,dr_gsm,4,,,94
VIDEO_TYPE,dr_gsm,4,,,95
MNS_TYPE,dr_gsm,4,,,96
USER_PROPERTY,dr_gsm,4,,,97
OPP_PROPERTY,dr_gsm,4,,,98
CALL_REFNUM,dr_gsm,4,,,99
FCI_TYPE,dr_gsm,4,,,100
MONITOR_CDR,dr_gsm,4,,,101
STD_ERR_CODE,dr_gsm,4,,,102
CREATE_DATE,dr_gsm,5,,,103
ALL_PROMOTION_PRODS,dr_gsm,4,,,104
USER_PROP_INFO,dr_gsm,4,,,105
USER_BILL_DAY,dr_gsm,1,,,106
CDR_QUERY_FLAG,dr_gsm,1,,,107
USER_GROUP_INFO,dr_gsm,4,,,108
ANALYSE_FLAG,dr_gsm,4,,,109
HPLMN4,dr_gsm,4,,,110
OPP_RESOURSE_AREACODE,dr_gsm,4,,,111
NP_FLAG,dr_gsm,4,,,112
OPP_NP_FLAG,dr_gsm,4,,,113
LATE_LINK,dr_gsm,4,,,114
INPUT_TIME,dr_gsm,5,,,115
ROW_ID,dr_gsm,4,,,116
IMSI,dr_hu,4,,,1
USER_NUMBER,dr_hu,4,,,2
FILE_TYPE,dr_hu,4,,,3
SOURCE_TYPE,dr_hu,4,,,4
RECORD_TYPE,dr_hu,4,,,5
SENDER_CODE,dr_hu,4,,,6
SERVICE_TYPE,dr_hu,4,,,7
START_TIME,dr_hu,5,,,8
LAST_TIME,dr_hu,5,,,9
ACC_DURATION,dr_hu,4,,,10
ACC_NUMBER,dr_hu,4,,,11
ACC_VOLUME,dr_hu,4,,,12
ACC_FEE,dr_hu,4,,,13
LIMIT_FEE,dr_hu,4,,,14
HPLMN1,dr_hu,4,,,15
HPLMN2,dr_hu,4,,,16
ORIGINAL_FILE,dr_hu,4,,,17
USER_PROP_INFO,dr_hu,4,,,18
USER_BILL_DAY,dr_hu,1,,,19
CDR_QUERY_FLAG,dr_hu,1,,,20
USER_GROUP_INFO,dr_hu,4,,,21
LATE_LINK,dr_hu,4,,,22
INPUT_TIME,dr_hu,5,,,23
ROW_ID,dr_hu,4,,,24
XDR_SOCK_DR_TYPE,dr_in_gprs,4,,,1
SERVICE_ID,dr_in_gprs,2,,,2
USER_NUMBER,dr_in_gprs,4,,,3
START_TIME,dr_in_gprs,5,,,4
DURATION,dr_in_gprs,2,,,5
SESSION_ID,dr_in_gprs,4,,,6
FATHER_SESSION_ID,dr_in_gprs,4,,,7
NOTIFY_TYPE,dr_in_gprs,1,,,8
ERR_CODE,dr_in_gprs,4,,,9
IN_RELEASE_DEAL,dr_in_gprs,4,,,10
IN_BUDGET_RES,dr_in_gprs,4,,,11
RATING_MIDDLE_INFO,dr_in_gprs,4,,,12
FREERES_MIDDLE_INFO,dr_in_gprs,4,,,13
ADDUP_MIDDLE_INFO,dr_in_gprs,4,,,14
CREDIT_MIDDLE_INFO,dr_in_gprs,4,,,15
GGSN_ADDRESS,dr_in_gprs,4,,,16
SGSN_ADDRESS,dr_in_gprs,4,,,17
APN_NI,dr_in_gprs,4,,,18
DR_TYPE,dr_in_gprs,2,,,19
OCTETS1,dr_in_gprs,2,,,20
OCTETS2,dr_in_gprs,2,,,21
APP_TYPE,dr_in_gprs,1,,,22
TARIFF_CHANGE_TIME,dr_in_gprs,4,,,23
PROCESS_TYPE,dr_in_gprs,2,,,24
FATHER_PROCESS_TYPE,dr_in_gprs,2,,,25
COMMAND_CODE,dr_in_gprs,4,,,26
HOP_ID,dr_in_gprs,4,,,27
END_ID,dr_in_gprs,4,,,28
APP_ID,dr_in_gprs,4,,,29
CC_REQUEST_NUMBER,dr_in_gprs,4,,,30
ORIGIN_HOST,dr_in_gprs,4,,,31
ORIGIN_REALM,dr_in_gprs,4,,,32
AUTH_APPLICATION_ID,dr_in_gprs,4,,,33
SERVICE_CODE,dr_in_gprs,4,,,34
DISCOUNT,dr_in_gprs,2,,,35
PARTIAL_TYPE_INDICATOR,dr_in_gprs,4,,,36
MONITOR_CDR,dr_in_gprs,4,,,37
IMEI,dr_in_gprs,4,,,38
LAC_ID,dr_in_gprs,4,,,39
CELL_ID,dr_in_gprs,4,,,40
CHARGING_ID,dr_in_gprs,4,,,41
DATA_FLOW_UP1,dr_in_gprs,2,,,42
DATA_FLOW_DOWN1,dr_in_gprs,2,,,43
MNS_TYPE,dr_in_gprs,1,,,44
DURATION_CALA,dr_in_gprs,2,,,45
DATA_FLOW_UP2,dr_in_gprs,2,,,46
DATA_FLOW_DOWN2,dr_in_gprs,2,,,47
ADDUP_INFO,dr_in_gprs,2,,,48
ADDUP_DIS_INFO,dr_in_gprs,2,,,49
PARTIAL_NUM,dr_in_gprs,1,,,50
CHARGING_CHARACTERISTICS,dr_in_gprs,4,,,51
SGSN_PLMN,dr_in_gprs,4,,,52
PDP_TYPE,dr_in_gprs,4,,,53
PDP_ADDRESS,dr_in_gprs,4,,,54
IMSI,dr_in_gprs,4,,,55
CC_SELECTION_MODE,dr_in_gprs,4,,,56
TIMEOUT_FLAG,dr_in_gprs,2,,,57
VT,dr_in_gprs,2,,,58
VQT,dr_in_gprs,2,,,59
TQT,dr_in_gprs,2,,,60
FREE_RES_UPGRADE,dr_in_gprs,4,,,61
RATING_TIME_CHANGE,dr_in_gprs,1,,,62
QHT,dr_in_gprs,2,,,63
QCT,dr_in_gprs,2,,,64
FUI,dr_in_gprs,2,,,65
CREATE_ASK_FLAG,dr_in_gprs,1,,,66
SOCK_FD,dr_in_gprs,1,,,67
SOCKET_SERVER_POINT,dr_in_gprs,2,,,68
SOCKET_SERVER_TYPE,dr_in_gprs,2,,,69
COMERR_CODE,dr_in_gprs,1,,,70
NP_FLAG,dr_in_gprs,4,,,71
XDR_SOCK_DR_TYPE,dr_in_gprs_old,4,,,1
SERVICE_ID,dr_in_gprs_old,2,,,2
USER_NUMBER,dr_in_gprs_old,4,,,3
START_TIME,dr_in_gprs_old,5,,,4
DURATION,dr_in_gprs_old,2,,,5
SESSION_ID,dr_in_gprs_old,4,,,6
FATHER_SESSION_ID,dr_in_gprs_old,4,,,7
NOTIFY_TYPE,dr_in_gprs_old,1,,,8
ERR_CODE,dr_in_gprs_old,4,,,9
IN_RELEASE_DEAL,dr_in_gprs_old,1,,,10
IN_BUDGET_RES,dr_in_gprs_old,1,,,11
RATING_MIDDLE_INFO,dr_in_gprs_old,4,,,12
FREERES_MIDDLE_INFO,dr_in_gprs_old,4,,,13
ADDUP_MIDDLE_INFO,dr_in_gprs_old,4,,,14
CREDIT_MIDDLE_INFO,dr_in_gprs_old,4,,,15
GGSN_ADDRESS,dr_in_gprs_old,4,,,16
SGSN_ADDRESS,dr_in_gprs_old,4,,,17
APN_NI,dr_in_gprs_old,4,,,18
DR_TYPE,dr_in_gprs_old,2,,,19
OCTETS1,dr_in_gprs_old,2,,,20
OCTETS2,dr_in_gprs_old,2,,,21
APP_TYPE,dr_in_gprs_old,1,,,22
TARIFF_CHANGE_TIME,dr_in_gprs_old,4,,,23
PROCESS_TYPE,dr_in_gprs_old,2,,,24
FATHER_PROCESS_TYPE,dr_in_gprs_old,2,,,25
COMMAND_CODE,dr_in_gprs_old,1,,,26
HOP_ID,dr_in_gprs_old,4,,,27
END_ID,dr_in_gprs_old,4,,,28
APP_ID,dr_in_gprs_old,4,,,29
CC_REQUEST_NUMBER,dr_in_gprs_old,4,,,30
ORIGIN_HOST,dr_in_gprs_old,4,,,31
ORIGIN_REALM,dr_in_gprs_old,4,,,32
AUTH_APPLICATION_ID,dr_in_gprs_old,4,,,33
SERVICE_CODE,dr_in_gprs_old,4,,,34
DISCOUNT,dr_in_gprs_old,2,,,35
PARTIAL_TYPE_INDICATOR,dr_in_gprs_old,4,,,36
MONITOR_CDR,dr_in_gprs_old,4,,,37
IMEI,dr_in_gprs_old,4,,,38
LAC_ID,dr_in_gprs_old,4,,,39
CELL_ID,dr_in_gprs_old,4,,,40
CHARGING_ID,dr_in_gprs_old,4,,,41
DATA_FLOW_UP1,dr_in_gprs_old,2,,,42
DATA_FLOW_DOWN1,dr_in_gprs_old,2,,,43
MNS_TYPE,dr_in_gprs_old,1,,,44
DURATION_CALA,dr_in_gprs_old,2,,,45
DATA_FLOW_UP2,dr_in_gprs_old,2,,,46
DATA_FLOW_DOWN2,dr_in_gprs_old,2,,,47
ADDUP_INFO,dr_in_gprs_old,2,,,48
ADDUP_DIS_INFO,dr_in_gprs_old,2,,,49
PARTIAL_NUM,dr_in_gprs_old,1,,,50
CHARGING_CHARACTERISTICS,dr_in_gprs_old,4,,,51
SGSN_PLMN,dr_in_gprs_old,4,,,52
PDP_TYPE,dr_in_gprs_old,4,,,53
PDP_ADDRESS,dr_in_gprs_old,4,,,54
IMSI,dr_in_gprs_old,4,,,55
CC_SELECTION_MODE,dr_in_gprs_old,4,,,56
TIMEOUT_FLAG,dr_in_gprs_old,2,,,57
VT,dr_in_gprs_old,2,,,58
VQT,dr_in_gprs_old,2,,,59
TQT,dr_in_gprs_old,2,,,60
FREE_RES_UPGRADE,dr_in_gprs_old,4,,,61
RATING_TIME_CHANGE,dr_in_gprs_old,1,,,62
TRADEMARK,dr_ip,4,,,1
DR_TYPE,dr_ip,4,,,2
SERVICE_ID,dr_ip,4,,,3
BILL_MONTH,dr_ip,4,,,4
VALID_RATE_PROD_ID,dr_ip,4,,,5
RATE_PROD_ID,dr_ip,4,,,6
PRODUCT_ID,dr_ip,4,,,7
PROMOTION_PRODS,dr_ip,4,,,8
PLAN_ID,dr_ip,4,,,9
CUST_ID,dr_ip,4,,,10
ACC_ID,dr_ip,4,,,11
USER_ID,dr_ip,4,,,12
CONDITION_ID,dr_ip,4,,,13
IMSI,dr_ip,4,,,14
HPLMN1,dr_ip,4,,,15
HPLMN2,dr_ip,4,,,16
HPLMN3,dr_ip,4,,,17
VPLMN1,dr_ip,4,,,18
VPLMN2,dr_ip,4,,,19
START_TIME,dr_ip,5,,,20
RATING_RES,dr_ip,4,,,21
RATING_FLAG,dr_ip,4,,,22
ITEM_CODE1,dr_ip,4,,,23
CHARGE1,dr_ip,4,,,24
CHARGE1_DISC,dr_ip,4,,,25
ITEM_CODE2,dr_ip,4,,,26
CHARGE2,dr_ip,4,,,27
CHARGE2_DISC,dr_ip,4,,,28
ITEM_CODE3,dr_ip,4,,,29
CHARGE3,dr_ip,4,,,30
CHARGE3_DISC,dr_ip,4,,,31
ITEM_CODE4,dr_ip,4,,,32
CHARGE4,dr_ip,4,,,33
CHARGE4_DISC,dr_ip,4,,,34
FREE_RES_VAL,dr_ip,4,,,35
ADDUP_RES_VAL,dr_ip,4,,,36
DURATION,dr_ip,4,,,37
CALL_TYPE,dr_ip,4,,,38
USER_NUMBER,dr_ip,4,,,39
OPP_NUMBER,dr_ip,4,,,40
OPP_TYPE,dr_ip,4,,,41
OPP_AREACODE,dr_ip,4,,,42
BILL_INDICATE,dr_ip,4,,,43
NETCALL_FLAG,dr_ip,4,,,44
SERVICE_KEY,dr_ip,4,,,45
MSRN,dr_ip,4,,,46
MSC_ID,dr_ip,4,,,47
SCP_ID,dr_ip,4,,,48
SERVICE_TYPE,dr_ip,4,,,49
SERVICE_CODE,dr_ip,4,,,50
OPP_HPLMN,dr_ip,4,,,51
MOC_ID,dr_ip,4,,,52
MTC_ID,dr_ip,4,,,53
GROUP_ID,dr_ip,4,,,54
ROAM_TYPE,dr_ip,4,,,55
TOLL_TYPE,dr_ip,4,,,56
ORI_BASIC_CHARGE,dr_ip,4,,,57
ORI_TOLL_CHARGE,dr_ip,4,,,58
ORI_OTHER_CHARGE,dr_ip,4,,,59
STD_BASIC_CHARGE,dr_ip,4,,,60
STD_TOLL_CHARGE,dr_ip,4,,,61
STD_OTHER_CHARGE,dr_ip,4,,,62
PROCESS_TIME,dr_ip,5,,,63
ORIGINAL_FILE,dr_ip,4,,,64
BACKUP_DATE,dr_ip,4,,,65
COLLECTION_ITEM,dr_ip,4,,,66
REDO_FLAG,dr_ip,4,,,67
RESERVE1,dr_ip,4,,,68
RESERVE2,dr_ip,4,,,69
RESERVE3,dr_ip,4,,,70
RESERVE4,dr_ip,4,,,71
USER_PROPERTY,dr_ip,4,,,72
MONITOR_CDR,dr_ip,4,,,73
STD_ERR_CODE,dr_ip,4,,,74
CREATE_DATE,dr_ip,5,,,75
ALL_PROMOTION_PRODS,dr_ip,4,,,76
USER_PROP_INFO,dr_ip,4,,,77
USER_BILL_DAY,dr_ip,1,,,78
CDR_QUERY_FLAG,dr_ip,1,,,79
USER_GROUP_INFO,dr_ip,4,,,80
NP_FLAG,dr_ip,4,,,81
OPP_NP_FLAG,dr_ip,4,,,82
LATE_LINK,dr_ip,4,,,83
INPUT_TIME,dr_ip,5,,,84
ROW_ID,dr_ip,4,,,85
TRADEMARK,dr_ismg,4,,,1
DR_TYPE,dr_ismg,4,,,2
SERVICE_ID,dr_ismg,4,,,3
BILL_MONTH,dr_ismg,4,,,4
VALID_RATE_PROD_ID,dr_ismg,4,,,5
RATE_PROD_ID,dr_ismg,4,,,6
PRODUCT_ID,dr_ismg,4,,,7
PROMOTION_PRODS,dr_ismg,4,,,8
PLAN_ID,dr_ismg,4,,,9
CUST_ID,dr_ismg,4,,,10
ACC_ID,dr_ismg,4,,,11
USER_ID,dr_ismg,4,,,12
CONDITION_ID,dr_ismg,4,,,13
IMSI,dr_ismg,4,,,14
USER_NUMBER,dr_ismg,4,,,15
HPLMN1,dr_ismg,4,,,16
HPLMN2,dr_ismg,4,,,17
HPLMN3,dr_ismg,4,,,18
VPLMN1,dr_ismg,4,,,19
VPLMN2,dr_ismg,4,,,20
START_TIME,dr_ismg,5,,,21
STOP_TIME,dr_ismg,5,,,22
RATING_RES,dr_ismg,4,,,23
RATING_FLAG,dr_ismg,4,,,24
ITEM_CODE1,dr_ismg,4,,,25
CHARGE1,dr_ismg,4,,,26
CHARGE1_DISC,dr_ismg,4,,,27
ITEM_CODE2,dr_ismg,4,,,28
CHARGE2,dr_ismg,4,,,29
CHARGE2_DISC,dr_ismg,4,,,30
ITEM_CODE3,dr_ismg,4,,,31
CHARGE3,dr_ismg,4,,,32
CHARGE3_DISC,dr_ismg,4,,,33
ITEM_CODE4,dr_ismg,4,,,34
CHARGE4,dr_ismg,4,,,35
CHARGE4_DISC,dr_ismg,4,,,36
FREE_RES_VAL,dr_ismg,4,,,37
ADDUP_RES_VAL,dr_ismg,4,,,38
SEQUENCE_NO,dr_ismg,4,,,39
RECORD_TYPE,dr_ismg,4,,,40
OPP_NUMBER,dr_ismg,4,,,41
OPP_TYPE,dr_ismg,4,,,42
ROAM_TYPE,dr_ismg,4,,,43
SOURCE_TYPE,dr_ismg,4,,,44
SP_CODE,dr_ismg,4,,,45
SERVICE_CODE,dr_ismg,4,,,46
OPERATOR_CODE,dr_ismg,4,,,47
BILL_FLAG,dr_ismg,4,,,48
SEND_STATE,dr_ismg,4,,,49
SEND_PRIORITY,dr_ismg,4,,,50
MESSAGE_LENGTH,dr_ismg,4,,,51
ISMG_ID,dr_ismg,4,,,52
FORWARD_ISMG_ID,dr_ismg,4,,,53
SMSC_ID,dr_ismg,4,,,54
ORI_BASIC_CHARGE,dr_ismg,4,,,55
ORI_TOLL_CHARGE,dr_ismg,4,,,56
ORI_OTHER_CHARGE,dr_ismg,4,,,57
STD_BASIC_CHARGE,dr_ismg,4,,,58
STD_TOLL_CHARGE,dr_ismg,4,,,59
STD_OTHER_CHARGE,dr_ismg,4,,,60
PROCESS_TIME,dr_ismg,5,,,61
ORIGINAL_FILE,dr_ismg,4,,,62
USER_TYPE,dr_ismg,4,,,63
BACKUP_DATE,dr_ismg,4,,,64
COLLECTION_ITEM,dr_ismg,4,,,65
REDO_FLAG,dr_ismg,4,,,66
RESERVE1,dr_ismg,4,,,67
RESERVE2,dr_ismg,4,,,68
RESERVE3,dr_ismg,4,,,69
RESERVE4,dr_ismg,4,,,70
USER_PROPERTY,dr_ismg,4,,,71
MONITOR_CDR,dr_ismg,4,,,72
STD_ERR_CODE,dr_ismg,4,,,73
CREATE_DATE,dr_ismg,5,,,74
ALL_PROMOTION_PRODS,dr_ismg,4,,,75
SERVICE_KEY,dr_ismg,4,,,76
USER_PROP_INFO,dr_ismg,4,,,77
USER_BILL_DAY,dr_ismg,1,,,78
CDR_QUERY_FLAG,dr_ismg,1,,,79
USER_GROUP_INFO,dr_ismg,4,,,80
MCAS_FLAG,dr_ismg,1,,,81
MCAS_BACKUP_DATE,dr_ismg,4,,,82
RECLAIM_FLAG,dr_ismg,1,,,83
CDR_DEAL_FLAG,dr_ismg,1,,,84
CALL_REFNUM,dr_ismg,1,,,85
PARTIAL_ID,dr_ismg,1,,,86
PARTIAL_TOTAL,dr_ismg,1,,,87
MSG_SRC_TYPE,dr_ismg,4,,,88
NP_FLAG,dr_ismg,4,,,89
OPP_NP_FLAG,dr_ismg,4,,,90
LATE_LINK,dr_ismg,4,,,91
INPUT_TIME,dr_ismg,5,,,92
ROW_ID,dr_ismg,4,,,93
TRADEMARK,dr_kj,4,,,1
DR_TYPE,dr_kj,4,,,2
SERVICE_ID,dr_kj,4,,,3
BILL_MONTH,dr_kj,4,,,4
VALID_RATE_PROD_ID,dr_kj,4,,,5
RATE_PROD_ID,dr_kj,4,,,6
PRODUCT_ID,dr_kj,4,,,7
PROMOTION_PRODS,dr_kj,4,,,8
PLAN_ID,dr_kj,4,,,9
CUST_ID,dr_kj,4,,,10
ACC_ID,dr_kj,4,,,11
USER_ID,dr_kj,4,,,12
CONDITION_ID,dr_kj,4,,,13
IMSI,dr_kj,4,,,14
HPLMN1,dr_kj,4,,,15
HPLMN2,dr_kj,4,,,16
HPLMN3,dr_kj,4,,,17
VPLMN1,dr_kj,4,,,18
VPLMN2,dr_kj,4,,,19
RATING_RES,dr_kj,4,,,20
RATING_FLAG,dr_kj,4,,,21
ITEM_CODE1,dr_kj,4,,,22
CHARGE1,dr_kj,4,,,23
CHARGE1_DISC,dr_kj,4,,,24
ITEM_CODE2,dr_kj,4,,,25
CHARGE2,dr_kj,4,,,26
CHARGE2_DISC,dr_kj,4,,,27
ITEM_CODE3,dr_kj,4,,,28
CHARGE3,dr_kj,4,,,29
CHARGE3_DISC,dr_kj,4,,,30
ITEM_CODE4,dr_kj,4,,,31
CHARGE4,dr_kj,4,,,32
CHARGE4_DISC,dr_kj,4,,,33
FREE_RES_VAL,dr_kj,4,,,34
ADDUP_RES_VAL,dr_kj,4,,,35
START_TIME,dr_kj,5,,,36
STOP_TIME,dr_kj,5,,,37
USER_NUMBER,dr_kj,4,,,38
DEV_CODE,dr_kj,4,,,39
APP_TYPE,dr_kj,4,,,40
SRC_TYPE,dr_kj,4,,,41
OPER_CODE,dr_kj,4,,,42
SP_CODE,dr_kj,4,,,43
SEQUENCE_NO,dr_kj,4,,,44
ROAM_TYPE,dr_kj,4,,,45
DISCOUNT,dr_kj,4,,,46
DNLOAD_DURATION,dr_kj,4,,,47
VALID_TIMES,dr_kj,4,,,48
ONLINE_DURATION,dr_kj,4,,,49
DATA_SIZE,dr_kj,4,,,50
PRIORITY,dr_kj,4,,,51
CDR_STATE,dr_kj,4,,,52
CARRY_TYPE,dr_kj,4,,,53
CHARGE_TYPE,dr_kj,4,,,54
SERVICE_KEY,dr_kj,4,,,55
OPP_NUMBER,dr_kj,4,,,56
OPP_TYPE,dr_kj,4,,,57
ORI_BASIC_CHARGE,dr_kj,4,,,58
ORI_TOLL_CHARGE,dr_kj,4,,,59
ORI_OTHER_CHARGE,dr_kj,4,,,60
STD_BASIC_CHARGE,dr_kj,4,,,61
STD_TOLL_CHARGE,dr_kj,4,,,62
STD_OTHER_CHARGE,dr_kj,4,,,63
PROCESS_TIME,dr_kj,5,,,64
ORIGINAL_FILE,dr_kj,4,,,65
BACKUP_DATE,dr_kj,4,,,66
COLLECTION_ITEM,dr_kj,4,,,67
REDO_FLAG,dr_kj,4,,,68
RESERVE1,dr_kj,4,,,69
RESERVE2,dr_kj,4,,,70
RESERVE3,dr_kj,4,,,71
RESERVE4,dr_kj,4,,,72
USER_PROPERTY,dr_kj,4,,,73
MONITOR_CDR,dr_kj,4,,,74
STD_ERR_CODE,dr_kj,4,,,75
CREATE_DATE,dr_kj,5,,,76
ALL_PROMOTION_PRODS,dr_kj,4,,,77
USER_PROP_INFO,dr_kj,4,,,78
USER_BILL_DAY,dr_kj,1,,,79
CDR_QUERY_FLAG,dr_kj,1,,,80
USER_GROUP_INFO,dr_kj,4,,,81
MCAS_FLAG,dr_kj,1,,,82
MCAS_BACKUP_DATE,dr_kj,4,,,83
RECLAIM_FLAG,dr_kj,1,,,84
CDR_DEAL_FLAG,dr_kj,1,,,85
NP_FLAG,dr_kj,4,,,86
OPP_NP_FLAG,dr_kj,4,,,87
LATE_LINK,dr_kj,4,,,88
INPUT_TIME,dr_kj,5,,,89
ROW_ID,dr_kj,4,,,90
TRADEMARK,dr_mms,4,,,1
DR_TYPE,dr_mms,4,,,2
SERVICE_ID,dr_mms,4,,,3
BILL_MONTH,dr_mms,4,,,4
VALID_RATE_PROD_ID,dr_mms,4,,,5
RATE_PROD_ID,dr_mms,4,,,6
PRODUCT_ID,dr_mms,4,,,7
PROMOTION_PRODS,dr_mms,4,,,8
PLAN_ID,dr_mms,4,,,9
CUST_ID,dr_mms,4,,,10
ACC_ID,dr_mms,4,,,11
USER_ID,dr_mms,4,,,12
IMSI,dr_mms,4,,,13
USER_NUMBER,dr_mms,4,,,14
CONDITION_ID,dr_mms,4,,,15
HPLMN1,dr_mms,4,,,16
HPLMN2,dr_mms,4,,,17
HPLMN3,dr_mms,4,,,18
VPLMN1,dr_mms,4,,,19
VPLMN2,dr_mms,4,,,20
START_TIME,dr_mms,5,,,21
RATING_RES,dr_mms,4,,,22
RATING_FLAG,dr_mms,4,,,23
ITEM_CODE1,dr_mms,4,,,24
CHARGE1,dr_mms,4,,,25
CHARGE1_DISC,dr_mms,4,,,26
ITEM_CODE2,dr_mms,4,,,27
CHARGE2,dr_mms,4,,,28
CHARGE2_DISC,dr_mms,4,,,29
ITEM_CODE3,dr_mms,4,,,30
CHARGE3,dr_mms,4,,,31
CHARGE3_DISC,dr_mms,4,,,32
ITEM_CODE4,dr_mms,4,,,33
CHARGE4,dr_mms,4,,,34
CHARGE4_DISC,dr_mms,4,,,35
FREE_RES_VAL,dr_mms,4,,,36
ADDUP_RES_VAL,dr_mms,4,,,37
MM_SEQ,dr_mms,4,,,38
SEND_ADDRESS,dr_mms,4,,,39
RECEIVE_ADDRESS,dr_mms,4,,,40
TRANSMIT_DN,dr_mms,4,,,41
MM_TYPE,dr_mms,4,,,42
INFO_TYPE,dr_mms,4,,,43
APP_TYPE,dr_mms,4,,,44
TRANSMIT_TYPE,dr_mms,4,,,45
CHARGE_TYPE,dr_mms,4,,,46
MM_LENGTH,dr_mms,4,,,47
STORE_TIME,dr_mms,4,,,48
CARRY_TYPE,dr_mms,4,,,49
MOBILE_ADDRESS,dr_mms,4,,,50
SEND_STATUS,dr_mms,4,,,51
SEND_MMSC_ID,dr_mms,4,,,52
RECEIVE_MMSC_ID,dr_mms,4,,,53
SP_CODE,dr_mms,4,,,54
SER_CODE,dr_mms,4,,,55
OPER_CODE,dr_mms,4,,,56
RECEIVE_TIME,dr_mms,5,,,57
SET_TIME,dr_mms,5,,,58
CONTENT_TYPE,dr_mms,4,,,59
MM_CLASS,dr_mms,4,,,60
INFO_LEVEL,dr_mms,4,,,61
REPORT_TYPE,dr_mms,4,,,62
ADDRESS_HIDE,dr_mms,4,,,63
SAFE_LEVEL,dr_mms,4,,,64
CONTENT_SW,dr_mms,4,,,65
ROAM_TYPE,dr_mms,4,,,66
STAT_TYPE1,dr_mms,4,,,67
STAT_TYPE2,dr_mms,4,,,68
PROCESS_TIME,dr_mms,5,,,69
ORIGINAL_FILE,dr_mms,4,,,70
USER_TYPE,dr_mms,4,,,71
ORI_BASIC_CHARGE,dr_mms,4,,,72
ORI_TOLL_CHARGE,dr_mms,4,,,73
ORI_OTHER_CHARGE,dr_mms,4,,,74
STD_BASIC_CHARGE,dr_mms,4,,,75
STD_TOLL_CHARGE,dr_mms,4,,,76
STD_OTHER_CHARGE,dr_mms,4,,,77
BACKUP_DATE,dr_mms,4,,,78
COLLECTION_ITEM,dr_mms,4,,,79
REDO_FLAG,dr_mms,4,,,80
RESERVE1,dr_mms,4,,,81
RESERVE2,dr_mms,4,,,82
RESERVE3,dr_mms,4,,,83
RESERVE4,dr_mms,4,,,84
USER_PROPERTY,dr_mms,4,,,85
MONITOR_CDR,dr_mms,4,,,86
STD_ERR_CODE,dr_mms,4,,,87
CREATE_DATE,dr_mms,5,,,88
ALL_PROMOTION_PRODS,dr_mms,4,,,89
SERVICE_KEY,dr_mms,4,,,90
USER_PROP_INFO,dr_mms,4,,,91
USER_BILL_DAY,dr_mms,1,,,92
CDR_QUERY_FLAG,dr_mms,1,,,93
USER_GROUP_INFO,dr_mms,4,,,94
MCAS_FLAG,dr_mms,1,,,95
MCAS_BACKUP_DATE,dr_mms,4,,,96
RECLAIM_FLAG,dr_mms,1,,,97
CDR_DEAL_FLAG,dr_mms,1,,,98
NP_FLAG,dr_mms,4,,,99
OPP_NP_FLAG,dr_mms,4,,,100
LATE_LINK,dr_mms,4,,,101
INPUT_TIME,dr_mms,5,,,102
ROW_ID,dr_mms,4,,,103
TRADEMARK,dr_pbx,4,,,1
SERVICE_ID,dr_pbx,4,,,2
DR_TYPE,dr_pbx,4,,,3
BILL_MONTH,dr_pbx,4,,,4
VALID_RATE_PROD_ID,dr_pbx,4,,,5
RATE_PROD_ID,dr_pbx,4,,,6
PRODUCT_ID,dr_pbx,4,,,7
PROMOTION_PRODS,dr_pbx,4,,,8
PLAN_ID,dr_pbx,4,,,9
OPP_RATE_PROD_ID,dr_pbx,4,,,10
CUST_ID,dr_pbx,4,,,11
ACC_ID,dr_pbx,4,,,12
USER_ID,dr_pbx,4,,,13
IMSI,dr_pbx,4,,,14
USER_NUMBER,dr_pbx,4,,,15
BILL_INDICATE,dr_pbx,4,,,16
OPP_NUMBER,dr_pbx,4,,,17
OPP_USER_NUMBER,dr_pbx,4,,,18
A_NUMBER,dr_pbx,4,,,19
START_TIME,dr_pbx,5,,,20
DURATION,dr_pbx,4,,,21
RATING_RES,dr_pbx,4,,,22
CALL_TYPE,dr_pbx,4,,,23
ROAM_TYPE,dr_pbx,4,,,24
OPP_ACCESS_TYPE,dr_pbx,4,,,25
OPP_NUMBER_TYPE,dr_pbx,4,,,26
sp_rela_TYPE,dr_pbx,4,,,27
HPLMN1,dr_pbx,4,,,28
HPLMN2,dr_pbx,4,,,29
HPLMN3,dr_pbx,4,,,30
VPLMN1,dr_pbx,4,,,31
VPLMN2,dr_pbx,4,,,32
ROAM_NET_TYPE,dr_pbx,4,,,33
RATING_FLAG,dr_pbx,4,,,34
ITem_code1,dr_pbx,4,,,35
CHARGE1,dr_pbx,4,,,36
CHARGE1_DISC,dr_pbx,4,,,37
ITem_code2,dr_pbx,4,,,38
CHARGE2,dr_pbx,4,,,39
CHARGE2_DISC,dr_pbx,4,,,40
ITem_code3,dr_pbx,4,,,41
CHARGE3,dr_pbx,4,,,42
CHARGE3_DISC,dr_pbx,4,,,43
ITem_code4,dr_pbx,4,,,44
CHARGE4,dr_pbx,4,,,45
CHARGE4_DISC,dr_pbx,4,,,46
FREE_RES_VAL,dr_pbx,4,,,47
ADDUP_RES_VAL,dr_pbx,4,,,48
STD_unit,dr_pbx,4,,,49
TOLL_STD_unit,dr_pbx,4,,,50
ori_basic_charge,dr_pbx,4,,,51
ori_toll_charge,dr_pbx,4,,,52
ORI_OTHER_CHARGE,dr_pbx,4,,,53
STD_BASIC_CHARGE,dr_pbx,4,,,54
STD_TOLL_CHARGE,dr_pbx,4,,,55
STD_OTHER_CHARGE,dr_pbx,4,,,56
ADDUP_RES,dr_pbx,4,,,57
OPP_CONDITION_ID,dr_pbx,4,,,58
CONDITION_ID,dr_pbx,4,,,59
NETCALL_FLAG,dr_pbx,4,,,60
ESN,dr_pbx,4,,,61
SEQUENCE_NO,dr_pbx,4,,,62
MODIFICATION_IND,dr_pbx,4,,,63
OPP_ROAM_AREACODE,dr_pbx,4,,,64
OPP_HOME_AREACODE,dr_pbx,4,,,65
TOLL_TYPE,dr_pbx,4,,,66
TOLL_TYPE2,dr_pbx,4,,,67
MSRN,dr_pbx,4,,,68
MSC_ID,dr_pbx,4,,,69
SCP_ID,dr_pbx,4,,,70
LAC_ID,dr_pbx,4,,,71
CELL_ID,dr_pbx,4,,,72
SERVICE_TYPE,dr_pbx,4,,,73
SERVICE_CODE,dr_pbx,4,,,74
SERVICE_KEY,dr_pbx,4,,,75
STOP_CAUSE,dr_pbx,4,,,76
IN_TRUNKID,dr_pbx,4,,,77
OUT_TRUNKID,dr_pbx,4,,,78
GROUP_ID,dr_pbx,4,,,79
MOC_ID,dr_pbx,4,,,80
MTC_ID,dr_pbx,4,,,81
PROCESS_TIME,dr_pbx,5,,,82
BACKUP_DATE,dr_pbx,4,,,83
ORIGINAL_FILE,dr_pbx,4,,,84
USER_TYPE,dr_pbx,4,,,85
VPLMN3,dr_pbx,4,,,86
OPP_PLAN_ID,dr_pbx,4,,,87
COLLECTION_ITEM,dr_pbx,4,,,88
OPP_NOACCESS_NUMBER,dr_pbx,4,,,89
REDO_FLAG,dr_pbx,4,,,90
RESERVE1,dr_pbx,4,,,91
RESERVE2,dr_pbx,4,,,92
RESERVE3,dr_pbx,4,,,93
RESERVE4,dr_pbx,4,,,94
VIDEO_TYPE,dr_pbx,4,,,95
MNS_TYPE,dr_pbx,4,,,96
USER_PROPERTY,dr_pbx,4,,,97
OPP_PROPERTY,dr_pbx,4,,,98
CALL_REFNUM,dr_pbx,4,,,99
FCI_TYPE,dr_pbx,4,,,100
MONITOR_CDR,dr_pbx,4,,,101
STD_ERR_CODE,dr_pbx,4,,,102
CREATE_DATE,dr_pbx,5,,,103
ALL_PROMOTION_PRODS,dr_pbx,4,,,104
USER_PROP_INFO,dr_pbx,4,,,105
USER_BILL_DAY,dr_pbx,1,,,106
CDR_QUERY_FLAG,dr_pbx,1,,,107
USER_GROUP_INFO,dr_pbx,4,,,108
NP_FLAG,dr_pbx,4,,,109
OPP_NP_FLAG,dr_pbx,4,,,110
LATE_LINK,dr_pbx,4,,,111
INPUT_TIME,dr_pbx,5,,,112
ROW_ID,dr_pbx,4,,,113
XDR_SOCK_DR_TYPE,dr_scp,4,,,1
SERVICE_ID,dr_scp,4,,,2
DR_TYPE,dr_scp,4,,,3
USER_NUMBER,dr_scp,4,,,4
OPP_NUMBER,dr_scp,4,,,5
A_NUMBER,dr_scp,4,,,6
START_TIME,dr_scp,5,,,7
DURATION,dr_scp,4,,,8
RATING_RES,dr_scp,4,,,9
CALL_TYPE,dr_scp,4,,,10
ADDUP_RES,dr_scp,4,,,11
MSRN,dr_scp,4,,,12
MSC_ID,dr_scp,4,,,13
LAC_ID,dr_scp,4,,,14
CELL_ID,dr_scp,4,,,15
SESSION_ID,dr_scp,4,,,16
CC_REQUEST_TYPE,dr_scp,4,,,17
PROCESS_TYPE,dr_scp,4,,,18
NOTIFY_TYPE,dr_scp,4,,,19
ERR_CODE,dr_scp,4,,,20
SMS_CENTER_NUMBER,dr_scp,4,,,21
SMS_ID,dr_scp,4,,,22
MESSAGE_LENGTH,dr_scp,4,,,23
IN_RELEASE_DEAL,dr_scp,4,,,24
IN_BUDGET_RES,dr_scp,4,,,25
RATING_MIDDLE_INFO,dr_scp,4,,,26
VIDEO_TYPE,dr_scp,4,,,27
FREERES_MIDDLE_INFO,dr_scp,4,,,28
ADDUP_MIDDLE_INFO,dr_scp,4,,,29
CREDIT_MIDDLE_INFO,dr_scp,4,,,30
CC_REQUEST_NUMBER,dr_scp,4,,,31
COMMAND_CODE,dr_scp,4,,,32
NP_FLAG,dr_scp,4,,,33
OPP_NP_FLAG,dr_scp,4,,,34
XDR_SOCK_DR_TYPE,dr_scp_old,4,,,1
SERVICE_ID,dr_scp_old,4,,,2
DR_TYPE,dr_scp_old,4,,,3
USER_NUMBER,dr_scp_old,4,,,4
OPP_NUMBER,dr_scp_old,4,,,5
A_NUMBER,dr_scp_old,4,,,6
START_TIME,dr_scp_old,5,,,7
DURATION,dr_scp_old,4,,,8
RATING_RES,dr_scp_old,4,,,9
CALL_TYPE,dr_scp_old,4,,,10
ADDUP_RES,dr_scp_old,4,,,11
MSRN,dr_scp_old,4,,,12
MSC_ID,dr_scp_old,4,,,13
LAC_ID,dr_scp_old,4,,,14
CELL_ID,dr_scp_old,4,,,15
SESSION_ID,dr_scp_old,4,,,16
CC_REQUEST_TYPE,dr_scp_old,4,,,17
PROCESS_TYPE,dr_scp_old,4,,,18
NOTIFY_TYPE,dr_scp_old,4,,,19
ERR_CODE,dr_scp_old,4,,,20
SMS_CENTER_NUMBER,dr_scp_old,4,,,21
SMS_ID,dr_scp_old,4,,,22
MESSAGE_LENGTH,dr_scp_old,4,,,23
IN_RELEASE_DEAL,dr_scp_old,4,,,24
IN_BUDGET_RES,dr_scp_old,4,,,25
RATING_MIDDLE_INFO,dr_scp_old,4,,,26
VIDEO_TYPE,dr_scp_old,4,,,27
FREERES_MIDDLE_INFO,dr_scp_old,4,,,28
ADDUP_MIDDLE_INFO,dr_scp_old,4,,,29
CREDIT_MIDDLE_INFO,dr_scp_old,4,,,30
TRADEMARK,dr_sms,4,,,1
DR_TYPE,dr_sms,4,,,2
SERVICE_ID,dr_sms,4,,,3
BILL_MONTH,dr_sms,4,,,4
VALID_RATE_PROD_ID,dr_sms,4,,,5
RATE_PROD_ID,dr_sms,4,,,6
PRODUCT_ID,dr_sms,4,,,7
PROMOTION_PRODS,dr_sms,4,,,8
PLAN_ID,dr_sms,4,,,9
CUST_ID,dr_sms,4,,,10
ACC_ID,dr_sms,4,,,11
USER_ID,dr_sms,4,,,12
CONDITION_ID,dr_sms,4,,,13
IMSI,dr_sms,4,,,14
HPLMN1,dr_sms,4,,,15
HPLMN2,dr_sms,4,,,16
HPLMN3,dr_sms,4,,,17
VPLMN1,dr_sms,4,,,18
VPLMN2,dr_sms,4,,,19
START_TIME,dr_sms,5,,,20
RATING_RES,dr_sms,4,,,21
RATING_FLAG,dr_sms,4,,,22
ITEM_CODE1,dr_sms,4,,,23
CHARGE1,dr_sms,4,,,24
CHARGE1_DISC,dr_sms,4,,,25
ITEM_CODE2,dr_sms,4,,,26
CHARGE2,dr_sms,4,,,27
CHARGE2_DISC,dr_sms,4,,,28
ITEM_CODE3,dr_sms,4,,,29
CHARGE3,dr_sms,4,,,30
CHARGE3_DISC,dr_sms,4,,,31
ITEM_CODE4,dr_sms,4,,,32
CHARGE4,dr_sms,4,,,33
CHARGE4_DISC,dr_sms,4,,,34
FREE_RES_VAL,dr_sms,4,,,35
ADDUP_RES_VAL,dr_sms,4,,,36
STOP_TIME,dr_sms,5,,,37
USER_NUMBER,dr_sms,4,,,38
SEQUENCE_NO,dr_sms,4,,,39
CALL_TYPE,dr_sms,4,,,40
BILL_INDICATE,dr_sms,4,,,41
BILL_ID_TYPE,dr_sms,4,,,42
MESSAGE_TYPE,dr_sms,4,,,43
FINAL_STATE,dr_sms,4,,,44
INFO_TYPE,dr_sms,4,,,45
PRIOR_LEVEL,dr_sms,4,,,46
SMS_CENTER_NUMBER,dr_sms,4,,,47
USER_TYPE,dr_sms,4,,,48
OPP_NUMBER,dr_sms,4,,,49
ROAM_TYPE,dr_sms,4,,,50
OPP_TYPE,dr_sms,4,,,51
MESSAGE_LENGTH,dr_sms,4,,,52
SERVICE_KEY,dr_sms,4,,,53
SMS_ID,dr_sms,4,,,54
DEDUCTION_FLAG,dr_sms,4,,,55
SSR,dr_sms,4,,,56
PID,dr_sms,4,,,57
DCS,dr_sms,4,,,58
ERROR_CODE,dr_sms,4,,,59
SMS_TYPE,dr_sms,4,,,60
MOC_BILL_TYPE,dr_sms,4,,,61
MTC_BILL_TYPE,dr_sms,4,,,62
OPP_USER_TYPE,dr_sms,4,,,63
GATEWAY,dr_sms,4,,,64
CFW_GATEWAY,dr_sms,4,,,65
OPP_GATEWAY,dr_sms,4,,,66
RETRY_TIMES,dr_sms,4,,,67
ORI_BASIC_CHARGE,dr_sms,4,,,68
ORI_TOLL_CHARGE,dr_sms,4,,,69
ORI_OTHER_CHARGE,dr_sms,4,,,70
STD_BASIC_CHARGE,dr_sms,4,,,71
STD_TOLL_CHARGE,dr_sms,4,,,72
STD_OTHER_CHARGE,dr_sms,4,,,73
PROCESS_TIME,dr_sms,5,,,74
ORIGINAL_FILE,dr_sms,4,,,75
BACKUP_DATE,dr_sms,4,,,76
COLLECTION_ITEM,dr_sms,4,,,77
SP_CODE,dr_sms,4,,,78
REDO_FLAG,dr_sms,4,,,79
RESERVE1,dr_sms,4,,,80
RESERVE2,dr_sms,4,,,81
RESERVE3,dr_sms,4,,,82
RESERVE4,dr_sms,4,,,83
USER_PROPERTY,dr_sms,4,,,84
MONITOR_CDR,dr_sms,4,,,85
STD_ERR_CODE,dr_sms,4,,,86
CREATE_DATE,dr_sms,5,,,87
ALL_PROMOTION_PRODS,dr_sms,4,,,88
USER_PROP_INFO,dr_sms,4,,,89
USER_BILL_DAY,dr_sms,1,,,90
CDR_QUERY_FLAG,dr_sms,1,,,91
USER_GROUP_INFO,dr_sms,4,,,92
CALL_REFNUM,dr_sms,1,,,93
PARTIAL_ID,dr_sms,1,,,94
PARTIAL_TOTAL,dr_sms,1,,,95
OPP_HOME_AREACODE,dr_sms,4,,,96
MSG_SRC_TYPE,dr_sms,4,,,97
NP_FLAG,dr_sms,4,,,98
OPP_NP_FLAG,dr_sms,4,,,99
LATE_LINK,dr_sms,4,,,100
INPUT_TIME,dr_sms,5,,,101
ROW_ID,dr_sms,4,,,102
ORIGINAL_FILE,dr_stat_log,4,,,1
DATE_TIME,dr_stat_log,4,,,2
PROC_INFO,dr_stat_log,4,,,3
Earlist,dr_stat_log,4,,,4
EndTime,dr_stat_log,4,,,5
ErrorStat,dr_stat_log,4,,,6
FileStat,dr_stat_log,4,,,7
FilterStat,dr_stat_log,4,,,8
Latest,dr_stat_log,4,,,9
NewTbcgCount,dr_stat_log,1,,,10
NoWriteCount,dr_stat_log,1,,,11
ReadFileName,dr_stat_log,4,,,12
ReadFileSize,dr_stat_log,1,,,13
ReadXdrCount,dr_stat_log,1,,,14
Speed,dr_stat_log,1,,,15
StartTime,dr_stat_log,4,,,16
SumFee,dr_stat_log,1,,,17
WriteFailXdrCount,dr_stat_log,1,,,18
WriteOkXdrCount,dr_stat_log,1,,,19
srcfilename,dr_stat_xfer_log,4,,,1
srcpath,dr_stat_xfer_log,4,,,2
srcfilesize,dr_stat_xfer_log,1,,,3
srchost,dr_stat_xfer_log,4,,,4
destfilename,dr_stat_xfer_log,4,,,5
destfilepath,dr_stat_xfer_log,4,,,6
destfilesize,dr_stat_xfer_log,1,,,7
midfilesize,dr_stat_xfer_log,1,,,8
desthost,dr_stat_xfer_log,4,,,9
datetime,dr_stat_xfer_log,4,,,10
TRADEMARK,dr_vc,4,,,1
DR_TYPE,dr_vc,4,,,2
SERVICE_ID,dr_vc,4,,,3
USER_NUMBER,dr_vc,4,,,4
START_TIME,dr_vc,5,,,5
VC_NUMBER,dr_vc,4,,,6
USER_TYPE,dr_vc,4,,,7
TRADE_TYPE,dr_vc,4,,,8
OPP_NUMBER,dr_vc,4,,,9
TRADE_STATE,dr_vc,4,,,10
CARD_ID,dr_vc,4,,,11
VC_TYPE,dr_vc,4,,,12
HPLMN1,dr_vc,4,,,13
HPLMN2,dr_vc,4,,,14
VPLMN1,dr_vc,4,,,15
VPLMN2,dr_vc,4,,,16
CARD_HPLMN1,dr_vc,4,,,17
CARD_HPLMN2,dr_vc,4,,,18
CARD_CHARGE,dr_vc,4,,,19
SCP_ID,dr_vc,4,,,20
VC_LOCATION,dr_vc,4,,,21
ORIGINAL_FILE,dr_vc,4,,,22
ROAM_TYPE,dr_vc,4,,,23
REDO_FLAG,dr_vc,4,,,24
RESERVE1,dr_vc,4,,,25
RESERVE2,dr_vc,4,,,26
RESERVE3,dr_vc,4,,,27
RESERVE4,dr_vc,4,,,28
CREATE_DATE,dr_vc,5,,,29
ALL_PROMOTION_PRODS,dr_vc,4,,,30
USER_PROP_INFO,dr_vc,4,,,31
USER_BILL_DAY,dr_vc,1,,,32
CDR_QUERY_FLAG,dr_vc,1,,,33
USER_GROUP_INFO,dr_vc,4,,,34
LATE_LINK,dr_vc,4,,,35
INPUT_TIME,dr_vc,5,,,36
ROW_ID,dr_vc,4,,,37
TRADEMARK,dr_wap,4,,,1
DR_TYPE,dr_wap,4,,,2
SERVICE_ID,dr_wap,4,,,3
BILL_MONTH,dr_wap,4,,,4
VALID_RATE_PROD_ID,dr_wap,4,,,5
RATE_PROD_ID,dr_wap,4,,,6
PRODUCT_ID,dr_wap,4,,,7
PROMOTION_PRODS,dr_wap,4,,,8
PLAN_ID,dr_wap,4,,,9
CUST_ID,dr_wap,4,,,10
ACC_ID,dr_wap,4,,,11
USER_ID,dr_wap,4,,,12
CONDITION_ID,dr_wap,4,,,13
IMSI,dr_wap,4,,,14
HPLMN1,dr_wap,4,,,15
HPLMN2,dr_wap,4,,,16
HPLMN3,dr_wap,4,,,17
VPLMN1,dr_wap,4,,,18
VPLMN2,dr_wap,4,,,19
START_TIME,dr_wap,5,,,20
USER_NUMBER,dr_wap,4,,,21
RATING_RES,dr_wap,4,,,22
RATING_FLAG,dr_wap,4,,,23
ITEM_CODE1,dr_wap,4,,,24
CHARGE1,dr_wap,4,,,25
CHARGE1_DISC,dr_wap,4,,,26
ITEM_CODE2,dr_wap,4,,,27
CHARGE2,dr_wap,4,,,28
CHARGE2_DISC,dr_wap,4,,,29
ITEM_CODE3,dr_wap,4,,,30
CHARGE3,dr_wap,4,,,31
CHARGE3_DISC,dr_wap,4,,,32
ITEM_CODE4,dr_wap,4,,,33
CHARGE4,dr_wap,4,,,34
CHARGE4_DISC,dr_wap,4,,,35
FREE_RES_VAL,dr_wap,4,,,36
ADDUP_RES_VAL,dr_wap,4,,,37
SP_CODE,dr_wap,4,,,38
STOP_TIME,dr_wap,5,,,39
SEQUENCE_NO,dr_wap,4,,,40
RECORD_TYPE,dr_wap,4,,,41
GATEWAY_ID,dr_wap,4,,,42
MISC_ID,dr_wap,4,,,43
SERVICE_TYPE,dr_wap,4,,,44
SERVICE_CODE,dr_wap,4,,,45
ROAM_TYPE,dr_wap,4,,,46
USER_TYPE,dr_wap,4,,,47
DISCOUNT,dr_wap,4,,,48
SERVICE_ATTR,dr_wap,4,,,49
CDR_STATE,dr_wap,4,,,50
MESSAGE_LENGTH,dr_wap,4,,,51
CHARGE_TYPE,dr_wap,4,,,52
SERVICE_KEY,dr_wap,4,,,53
ORI_BASIC_CHARGE,dr_wap,4,,,54
ORI_TOLL_CHARGE,dr_wap,4,,,55
ORI_OTHER_CHARGE,dr_wap,4,,,56
STD_BASIC_CHARGE,dr_wap,4,,,57
STD_TOLL_CHARGE,dr_wap,4,,,58
STD_OTHER_CHARGE,dr_wap,4,,,59
PROCESS_TIME,dr_wap,5,,,60
ORIGINAL_FILE,dr_wap,4,,,61
BACKUP_DATE,dr_wap,4,,,62
COLLECTION_ITEM,dr_wap,4,,,63
REDO_FLAG,dr_wap,4,,,64
RESERVE1,dr_wap,4,,,65
RESERVE2,dr_wap,4,,,66
RESERVE3,dr_wap,4,,,67
RESERVE4,dr_wap,4,,,68
USER_PROPERTY,dr_wap,4,,,69
MONITOR_CDR,dr_wap,4,,,70
STD_ERR_CODE,dr_wap,4,,,71
CREATE_DATE,dr_wap,5,,,72
ALL_PROMOTION_PRODS,dr_wap,4,,,73
USER_PROP_INFO,dr_wap,4,,,74
USER_BILL_DAY,dr_wap,1,,,75
CDR_QUERY_FLAG,dr_wap,1,,,76
USER_GROUP_INFO,dr_wap,4,,,77
MCAS_FLAG,dr_wap,1,,,78
MCAS_BACKUP_DATE,dr_wap,4,,,79
RECLAIM_FLAG,dr_wap,1,,,80
CDR_DEAL_FLAG,dr_wap,1,,,81
NP_FLAG,dr_wap,4,,,82
OPP_NP_FLAG ,dr_wap,4,,,83
LATE_LINK,dr_wap,4,,,84
INPUT_TIME,dr_wap,5,,,85
ROW_ID,dr_wap,4,,,86
TRADEMARK,dr_wlan,4,,,1
DR_TYPE,dr_wlan,4,,,2
SERVICE_ID,dr_wlan,4,,,3
BILL_MONTH,dr_wlan,4,,,4
VALID_RATE_PROD_ID,dr_wlan,4,,,5
RATE_PROD_ID,dr_wlan,4,,,6
PRODUCT_ID,dr_wlan,4,,,7
PROMOTION_PRODS,dr_wlan,4,,,8
PLAN_ID,dr_wlan,4,,,9
CUST_ID,dr_wlan,4,,,10
ACC_ID,dr_wlan,4,,,11
USER_ID,dr_wlan,4,,,12
CONDITION_ID,dr_wlan,4,,,13
IMSI,dr_wlan,4,,,14
HPLMN1,dr_wlan,4,,,15
HPLMN2,dr_wlan,4,,,16
HPLMN3,dr_wlan,4,,,17
VPLMN1,dr_wlan,4,,,18
VPLMN2,dr_wlan,4,,,19
START_TIME,dr_wlan,5,,,20
USER_NUMBER,dr_wlan,4,,,21
RATING_RES,dr_wlan,4,,,22
RATING_FLAG,dr_wlan,4,,,23
ITEM_CODE1,dr_wlan,4,,,24
CHARGE1,dr_wlan,4,,,25
CHARGE1_DISC,dr_wlan,4,,,26
ITEM_CODE2,dr_wlan,4,,,27
CHARGE2,dr_wlan,4,,,28
CHARGE2_DISC,dr_wlan,4,,,29
ITEM_CODE3,dr_wlan,4,,,30
CHARGE3,dr_wlan,4,,,31
CHARGE3_DISC,dr_wlan,4,,,32
ITEM_CODE4,dr_wlan,4,,,33
CHARGE4,dr_wlan,4,,,34
CHARGE4_DISC,dr_wlan,4,,,35
FREE_RES_VAL,dr_wlan,4,,,36
ADDUP_RES_VAL,dr_wlan,4,,,37
STD_UNIT,dr_wlan,4,,,38
TOLL_STD_UNIT,dr_wlan,4,,,39
AUTH_TYPE,dr_wlan,4,,,40
STOP_TIME,dr_wlan,5,,,41
DURATION,dr_wlan,4,,,42
UP_VOLUME,dr_wlan,4,,,43
DOWN_VOLUME,dr_wlan,4,,,44
HOSTSPOT_ID,dr_wlan,4,,,45
AC_ADDRESS,dr_wlan,4,,,46
AS_ADDRESS,dr_wlan,4,,,47
HOME_CARRIER,dr_wlan,4,,,48
ROAM_CARRIER,dr_wlan,4,,,49
ROAM_TYPE,dr_wlan,4,,,50
SERVICE_CODE,dr_wlan,4,,,51
SP_CODE,dr_wlan,4,,,52
STOP_CAUSE,dr_wlan,4,,,53
ORI_BASIC_CHARGE,dr_wlan,4,,,54
ORI_TOLL_CHARGE,dr_wlan,4,,,55
ORI_OTHER_CHARGE,dr_wlan,4,,,56
STD_BASIC_CHARGE,dr_wlan,4,,,57
STD_TOLL_CHARGE,dr_wlan,4,,,58
STD_OTHER_CHARGE,dr_wlan,4,,,59
PROCESS_TIME,dr_wlan,5,,,60
ORIGINAL_FILE,dr_wlan,4,,,61
BACKUP_DATE,dr_wlan,4,,,62
COLLECTION_ITEM,dr_wlan,4,,,63
REDO_FLAG,dr_wlan,4,,,64
RESERVE1,dr_wlan,4,,,65
RESERVE2,dr_wlan,4,,,66
RESERVE3,dr_wlan,4,,,67
RESERVE4,dr_wlan,4,,,68
USER_PROPERTY,dr_wlan,4,,,69
MONITOR_CDR,dr_wlan,4,,,70
STD_ERR_CODE,dr_wlan,4,,,71
CREATE_DATE,dr_wlan,5,,,72
ALL_PROMOTION_PRODS,dr_wlan,4,,,73
SERVICE_KEY,dr_wlan,4,,,74
USER_PROP_INFO,dr_wlan,4,,,75
USER_BILL_DAY,dr_wlan,1,,,76
CDR_QUERY_FLAG,dr_wlan,1,,,77
USER_GROUP_INFO,dr_wlan,4,,,78
USER_STATUS,dr_wlan,4,,,79
OPER_ID,dr_wlan,4,,,80
TERMINAL_TYPE,dr_wlan,4,,,81
AP_MAC,dr_wlan,4,,,82
USER_MAC,dr_wlan,4,,,83
VALID_RATE_CONDITION,dr_wlan,4,,,84
SEQUENCE_NO,dr_wlan,4,,,85
REC_SEQ_NO,dr_wlan,4,,,86
GGSN_ID,dr_wlan,4,,,87
NOCLEAR_FLAG,dr_wlan,1,,,88
MAIN_NOCLEAR_FLAG,dr_wlan,1,,,89
NP_FLAG,dr_wlan,4,,,90
OPP_NP_FLAG ,dr_wlan,4,,,91
LATE_LINK,dr_wlan,4,,,92
INPUT_TIME,dr_wlan,5,,,93
ROW_ID,dr_wlan,4,,,94
